customer_id,segment,churned,risk_score
1,SMB,0,0.06124335083806347
2,SMB,0,0.03315876775849301
3,Occasional,0,0.4955187341507272
4,SMB,0,0.02121935950332505
5,Mid-Market,0,0.0001841021331366037
6,Occasional,1,0.6529434765371999
7,SMB,0,0.0854842070619375
8,SMB,0,0.052968637689336136
9,Mid-Market,0,0.0003342667778797061
10,SMB,0,0.007350276792932735
11,Mid-Market,0,0.00011170574031037057
12,Occasional,1,0.7623232104601794
13,SMB,0,0.005786236310434366
14,SMB,0,0.11208010429687694
15,SMB,0,0.03186872233179209
16,Mid-Market,0,0.001464977038070048
17,SMB,0,0.027368670291785767
18,Enterprise,0,0.0005066642216903633
19,SMB,0,0.26219557707555563
20,SMB,0,0.024211820302937653
21,SMB,0,0.07926534954760041
22,Mid-Market,0,0.0008241363997808318
23,Occasional,0,0.09593032654970358
24,Occasional,0,0.21393291623676527
25,SMB,0,0.007888844691558792
26,Mid-Market,0,7.589030903706187e-05
27,SMB,0,0.06014466657083907
28,Enterprise,0,0.00030602229711825256
29,Mid-Market,0,0.000412376620776592
30,SMB,0,0.03286933910001902
31,SMB,0,0.01545575560526073
33,Mid-Market,0,0.0003174164799020254
34,Mid-Market,0,0.0010867679365827666
35,SMB,0,0.050937478609316314
36,Mid-Market,0,0.004427783576768406
37,Mid-Market,0,0.0037042916283067896
39,Mid-Market,0,0.0004093812425400166
40,SMB,0,0.019423145040828236
41,SMB,0,0.17250457557340737
42,Occasional,0,0.20395182246120205
43,SMB,0,0.006409798984077818
44,Mid-Market,0,0.0010764843802071726
45,Occasional,1,0.7154761511014817
46,SMB,0,0.028028077388535473
47,Mid-Market,0,0.0008322889289589495
48,Mid-Market,0,0.00010883695437074462
49,SMB,0,0.04714681026614867
50,Mid-Market,0,0.003983446714037909
51,Mid-Market,0,0.0003583807590808
52,Enterprise,0,0.0006374143452655978
53,SMB,0,0.046170227476812174
54,SMB,0,0.008952326418229732
55,SMB,0,0.06803591202704735
56,SMB,1,0.5661459976700357
57,SMB,0,0.019098714441834884
58,SMB,0,0.006484405438958308
59,Mid-Market,0,0.001081176177785201
61,SMB,0,0.024260614764437752
63,SMB,0,0.020404764785364102
64,SMB,1,0.6416076505531334
65,SMB,0,0.08943509768404172
66,SMB,0,0.09751540054194698
68,Mid-Market,0,0.001600983998280763
69,Enterprise,0,0.00032633152102267413
70,SMB,0,0.06766044676506466
71,Mid-Market,0,0.00022174771574034953
72,Mid-Market,0,0.004486822780675866
73,Occasional,0,0.20497534404829426
74,Mid-Market,0,0.00011650702788966679
75,Enterprise,0,0.00013062662559281012
76,Mid-Market,0,0.003329801573810971
77,Mid-Market,0,0.00020467701606284954
78,SMB,1,0.45996607570062187
79,SMB,1,0.7025684211172007
80,SMB,0,0.010196215248339262
81,SMB,0,0.09342740402241419
82,Mid-Market,0,8.308673622781978e-05
83,SMB,0,0.04570986670065717
84,Mid-Market,0,0.0004665332582503382
85,Enterprise,0,0.00019409775553221135
86,Mid-Market,0,0.021177909028921117
87,SMB,0,0.11765250938942261
88,SMB,0,0.053018142248161516
89,Mid-Market,0,0.014256452045167409
90,SMB,0,0.02253128229665136
91,Mid-Market,0,0.00039726675235847046
92,SMB,0,0.06240920521091534
93,SMB,1,0.010210881639696258
94,Mid-Market,0,0.0001713548542620706
95,Mid-Market,0,0.0060716509912546665
96,SMB,0,0.07031518551937017
98,Mid-Market,0,0.004343615266242616
99,Mid-Market,0,0.0003794019781566667
100,Occasional,0,0.05267881621882975
101,Occasional,1,0.7904383847097965
102,SMB,0,0.049604281583260294
104,Occasional,0,0.1598573828051641
105,SMB,0,0.018982860677944913
106,SMB,0,0.14403314891255364
107,SMB,0,0.0872027355880926
108,Mid-Market,0,0.007307311424043034
109,Mid-Market,0,0.0017000059163654
110,Occasional,1,0.06317358950592926
111,SMB,1,0.13288035391499164
112,Mid-Market,0,0.002932987061392057
113,Mid-Market,0,0.004557801705995195
114,SMB,0,0.005443276273158645
115,Mid-Market,0,0.001471649342905558
116,Occasional,0,0.037911971493475735
117,SMB,0,0.03135605918132091
118,SMB,0,0.09463388919882916
119,SMB,0,0.093918061348201
120,SMB,0,0.013440251748166899
121,SMB,0,0.005537820056372883
123,Mid-Market,0,0.001369803886727081
124,Mid-Market,0,0.002987323608534292
125,Enterprise,0,0.00023843800778287701
126,SMB,0,0.07093669488409103
127,Mid-Market,0,0.0001066936426758458
128,Mid-Market,0,0.0006355620429313165
129,Mid-Market,0,0.00030254291725961233
130,SMB,0,0.0012135190572055297
131,Mid-Market,0,4.39536069110593e-05
132,Occasional,1,0.763119077472606
133,SMB,0,0.017347315899500844
134,Mid-Market,0,0.0002294304820802115
135,SMB,0,0.03209661278685669
136,Enterprise,0,0.0001336392011166736
137,Occasional,0,0.03243674814220641
138,SMB,0,0.020722203467322963
139,SMB,0,0.03685847064176996
140,Mid-Market,0,8.691068643922892e-05
141,SMB,1,0.5861974752169615
142,SMB,1,0.5313710312702202
144,SMB,0,0.03452227520889406
145,SMB,0,0.010103514913636235
146,Mid-Market,0,0.009045891758283568
147,Mid-Market,0,0.0002090452047236083
148,SMB,0,0.016425225341774027
149,SMB,0,0.10247221867038679
150,Enterprise,0,0.00011717916019980952
151,SMB,0,0.0027627074732735663
152,Occasional,0,0.0462864915478179
153,Mid-Market,0,0.0002480343644166135
154,SMB,1,0.28115147679851016
155,Mid-Market,0,0.0017432712901868585
156,SMB,0,0.04102429916670359
157,Mid-Market,0,0.00020531598297089597
158,SMB,0,0.13069399648088276
159,SMB,0,0.012209799380768117
160,SMB,0,0.0635507147204787
161,Mid-Market,0,0.004893380556974153
162,Occasional,1,0.7507473938702243
163,Mid-Market,0,7.76153724132729e-05
164,Enterprise,0,0.0004252802450732905
165,SMB,0,0.07240479177729199
166,Mid-Market,0,0.001756298902078757
167,SMB,0,0.07565473455086844
168,SMB,0,0.048219224423854685
169,Mid-Market,0,4.132531409001506e-05
170,Occasional,0,0.20261345199666664
171,Mid-Market,0,0.0038236903214873635
172,SMB,0,0.07140836754904521
173,Mid-Market,0,0.0009062582688279554
174,Occasional,1,0.45969586840223864
175,Mid-Market,0,0.010305916249428674
176,Enterprise,0,7.567725495987467e-05
177,SMB,0,0.12896283404198258
178,Occasional,0,0.03273096570793446
179,Occasional,0,0.04504779809895016
180,SMB,0,0.05873778529558101
181,Occasional,1,0.2961889316457997
182,Occasional,0,0.6659075323944809
183,SMB,0,0.04359730700998846
184,Mid-Market,0,0.0009677228416205944
186,SMB,1,0.4677355529077844
187,Mid-Market,0,0.00028654357216035967
188,Mid-Market,0,6.423079931989703e-05
189,SMB,0,0.04560658723725626
192,Mid-Market,0,0.0015178059423216468
193,Mid-Market,0,0.0006333194393416814
194,Occasional,0,0.1351294675724794
195,Mid-Market,0,3.0570583983541755e-05
196,Mid-Market,0,0.006107540595849338
197,SMB,0,0.03050051206065062
198,Occasional,1,0.6496275552700295
199,Mid-Market,0,4.090204891008578e-05
201,SMB,0,0.011945538941504375
203,SMB,1,0.22856172101661426
204,Mid-Market,0,0.00022242183882498388
206,Mid-Market,0,0.007796482479023531
208,SMB,0,0.05905434677665988
209,Mid-Market,0,0.03750246840766376
212,SMB,0,0.014403908568563236
213,Mid-Market,0,0.0004457220345760351
214,SMB,0,0.12517871958067744
215,SMB,0,0.038966066970103005
216,SMB,0,0.04882550416223424
217,Mid-Market,0,7.244576071461573e-05
218,Mid-Market,0,0.0041534228060170755
219,Occasional,1,0.21171578694470886
220,Mid-Market,0,0.0011183870349757285
221,Mid-Market,0,0.0009571057192441711
222,SMB,0,0.02799484871262926
223,SMB,0,0.010906387725971991
225,Mid-Market,0,6.004747279067263e-05
226,Occasional,1,0.7500194601508504
227,Enterprise,0,0.00027916887641051387
228,SMB,0,0.15279133786434784
229,SMB,0,0.022522731410436703
230,Mid-Market,0,0.00046038598193217257
231,Mid-Market,0,0.0007292498973124596
232,Mid-Market,0,0.005925941192261553
234,SMB,0,0.019514684915749758
235,Occasional,0,0.9278870347657869
236,SMB,0,0.057236766311289815
237,SMB,0,0.08788881246777477
238,SMB,0,0.044125968444529824
239,Enterprise,0,3.745693823739605e-05
240,Mid-Market,0,0.0013818664316448365
241,SMB,0,0.2874173739168687
242,SMB,1,0.6150500101710814
243,Mid-Market,0,0.00011596942156233495
244,SMB,0,0.01584077123491995
246,Occasional,1,0.6298234492622495
249,Mid-Market,0,0.0017912884149082276
250,Mid-Market,0,0.0012024799437267933
251,SMB,0,0.07788987054689347
253,SMB,0,0.009412414277619048
254,Mid-Market,0,9.680162063254385e-05
255,Mid-Market,0,7.293162803148386e-05
256,SMB,0,0.0034930782884119815
257,SMB,0,0.10593971447623975
258,Mid-Market,0,0.0003378742914692996
259,Enterprise,0,0.0005531006751886798
260,SMB,0,0.07897153873425924
261,Mid-Market,0,0.005325865142895692
262,SMB,0,0.0870683297923376
263,Mid-Market,0,0.006124423250194664
264,Mid-Market,0,0.001243852444210819
265,Occasional,0,0.06026312516083181
266,Mid-Market,0,0.0003805583847453195
267,Mid-Market,0,0.0023502883240409432
268,Mid-Market,0,4.4246542165886326e-05
269,Mid-Market,0,0.003039112077093778
270,Enterprise,0,0.0005003534883099728
271,Enterprise,0,0.0006433783165446929
272,Mid-Market,0,0.0001752330355292893
273,Enterprise,0,0.0005753516865781246
274,SMB,0,0.07062999787276494
275,SMB,0,0.13798550055530726
276,Mid-Market,0,0.0004259153712210033
277,Mid-Market,0,0.0054953051516317035
278,SMB,0,0.010361873551856797
279,Occasional,1,0.6446855942043317
280,Occasional,0,0.24010649047256832
281,Enterprise,0,0.0001166050638559103
282,Mid-Market,0,0.0006496562493865194
283,Mid-Market,0,0.0005959081837710492
284,Mid-Market,0,0.0004967985712873058
285,SMB,0,0.07225042177614859
286,Mid-Market,0,0.0008583253857275861
287,Enterprise,0,0.00011273594607107573
288,Mid-Market,0,0.0040997716963191745
289,SMB,1,0.5790290702832093
290,Mid-Market,0,0.006147098662553968
292,Enterprise,0,0.00020288257983411284
293,Occasional,0,0.004955072212322783
294,Mid-Market,0,0.0004545019201388055
295,Occasional,1,0.5004925631438226
296,Occasional,0,0.17751140746083777
297,Occasional,0,0.07757877793739341
298,SMB,0,0.17548913090030716
299,SMB,0,0.01919302669066112
300,SMB,1,0.6015403139803421
301,SMB,0,0.020022450419036667
302,Mid-Market,0,0.001203838516313561
303,SMB,0,0.07503680705502734
304,SMB,0,0.01140518234271526
305,Occasional,0,0.022682220521411132
306,SMB,0,0.017567179543817316
307,Mid-Market,0,0.003061241295736259
308,SMB,0,0.06318551662468269
309,Mid-Market,0,0.00028963912066774523
310,Mid-Market,0,0.00035531313586323066
312,Mid-Market,0,0.0008423428678122482
314,Mid-Market,0,5.1171309476734294e-05
315,Mid-Market,0,0.0017814497697720446
316,Mid-Market,0,0.0036695290771130594
317,Mid-Market,0,0.0019489158619416624
318,SMB,0,0.03899868290414739
319,Mid-Market,0,0.004089927130608994
320,Occasional,1,0.7913044512218061
321,Occasional,0,0.15506292116656056
322,SMB,0,0.07138945308495853
323,Mid-Market,0,0.014032795948457768
324,SMB,0,0.03254071628552744
325,Occasional,0,0.2930083873273912
326,SMB,1,0.6346146309922702
327,SMB,0,0.0810991179006203
328,SMB,0,0.0400476341070662
330,Mid-Market,0,1.716006150524499e-05
331,SMB,0,0.03573720806220731
332,Mid-Market,0,0.00160635121591638
333,SMB,0,0.06485977546666524
334,Occasional,0,0.323819115613717
335,Mid-Market,0,0.0008295173084139917
336,SMB,0,0.04687675095978482
337,Mid-Market,0,0.00026288181540829445
338,SMB,0,0.09877518592485643
339,Mid-Market,0,0.009328120966989631
340,Occasional,0,0.18941022049152997
341,Mid-Market,0,0.000580327502783023
342,Occasional,1,0.10044807364337481
343,SMB,0,0.07809282450519213
345,SMB,0,0.1786419040607286
346,SMB,0,0.13998168036067438
348,Mid-Market,0,0.006537158446192133
349,SMB,1,0.5203170326424597
350,Mid-Market,0,0.0012668313411758223
351,SMB,0,0.02632997109362058
352,Mid-Market,0,7.193585465993044e-05
353,SMB,1,0.40712995767781657
354,SMB,0,0.034202686560182466
355,SMB,0,0.009013220044940718
356,SMB,0,0.04881204811718067
357,SMB,0,0.007465389253020262
358,SMB,0,0.014341170918311469
359,SMB,0,0.06285193236671598
360,SMB,0,0.005722889883219026
362,Mid-Market,0,0.00015858163585458595
363,Mid-Market,0,4.174024603300625e-05
364,Mid-Market,0,0.00036421984052756724
365,SMB,0,0.0430372418269266
366,Mid-Market,0,0.0008714206093601949
367,SMB,0,0.029114641141734236
368,SMB,1,0.5123413552509559
369,Mid-Market,0,0.00037736274922627624
370,Occasional,0,0.13272764131162343
371,SMB,0,0.046711164821908284
372,Mid-Market,0,0.006140815630742694
373,Mid-Market,0,1.6218109331281397e-05
374,Mid-Market,0,0.0001103454974830171
375,Mid-Market,0,0.002573454079910285
376,Mid-Market,0,0.002250532315969207
377,Occasional,0,0.19443338695086965
378,SMB,0,0.02161538618719441
379,Mid-Market,0,0.001093398290712107
380,SMB,0,0.17615579022595204
381,SMB,0,0.027653715985667352
382,Occasional,1,0.7786702127640636
383,SMB,0,0.011153149216115682
384,SMB,0,0.032502507094423566
385,Mid-Market,0,0.00011515986247823053
386,Occasional,0,0.2905109908431064
387,SMB,0,0.0010847071724356123
388,Occasional,0,0.2847708346538316
389,Mid-Market,0,0.0007167318146121254
390,Occasional,1,0.8495365586734377
391,SMB,0,0.04835862529051203
392,Mid-Market,0,0.0016323123948250088
393,SMB,1,0.05064691204232039
394,SMB,0,0.13296447103172637
395,Enterprise,0,0.00020786059015993604
396,SMB,0,0.01511040506322562
397,SMB,0,0.03480642546535703
398,Mid-Market,0,0.0022466393802619555
399,SMB,0,0.08065911302420421
400,SMB,0,0.015009236295074434
401,Mid-Market,0,0.0005656490714741678
402,Occasional,0,0.13082326268333383
403,SMB,0,0.025298921326753
404,Mid-Market,0,0.0005080894957808622
406,Occasional,0,0.6177171882010499
407,Mid-Market,0,0.00014775614922773615
408,Occasional,0,0.2839058651375658
409,Mid-Market,0,0.0002769133925172168
410,Occasional,0,0.3374011961254527
411,SMB,1,0.04449061198990512
412,SMB,0,0.04921411942591452
413,Mid-Market,0,0.00025929606885382364
414,Occasional,0,0.2988395194819225
415,Enterprise,0,0.00020120124107606406
416,Mid-Market,0,0.00012566883783536234
418,SMB,0,0.03738610786916539
419,Mid-Market,0,0.012853125900266578
420,Occasional,0,0.4752647840545811
421,SMB,0,0.09593095965215608
422,Enterprise,0,0.005943680781781524
423,Enterprise,0,6.62347609800026e-05
425,SMB,0,0.11868453387134176
426,SMB,0,0.037867006775999974
427,Mid-Market,0,0.00024938608806585885
428,Occasional,0,0.15155513970481144
429,Enterprise,0,0.000267270976987878
431,Occasional,0,0.385823361048831
432,SMB,0,0.012216170490578113
433,SMB,1,0.17296684224283068
434,Occasional,0,0.03963762769190214
435,Enterprise,0,0.0030260565577109144
437,Mid-Market,0,0.00024978000079995945
438,SMB,0,0.025329204852699287
439,SMB,0,0.11170725956771196
440,SMB,0,0.06927836748038316
441,Occasional,1,0.7375543359586082
442,Mid-Market,0,0.0056042565979329976
443,SMB,0,0.029049256919200312
444,Mid-Market,0,0.00084386436884612
445,Mid-Market,0,0.0019325535793009527
446,SMB,0,0.12125625785309771
447,Occasional,0,0.4513096527998632
449,Enterprise,0,3.168227895717465e-05
450,SMB,0,0.029344712188867333
451,Enterprise,0,0.004583225558892398
452,Occasional,1,0.8191045819371119
453,SMB,0,0.02736743058813748
454,Mid-Market,0,0.010760323761080567
455,Mid-Market,0,0.00011069454885165832
456,Mid-Market,0,0.0018357078108006063
457,Occasional,1,0.8130003514393392
458,SMB,0,0.04056386140948592
459,SMB,0,0.05346452709444588
460,SMB,0,0.14058970393485515
461,SMB,0,0.10401598115447602
462,Mid-Market,0,0.0001495657501618096
463,Occasional,0,0.14890660689994445
464,Mid-Market,0,8.053794579111568e-05
465,SMB,0,0.05245479911825276
466,SMB,0,0.019316605461810406
467,SMB,1,0.8833220649061829
468,Occasional,1,0.6636720730474788
469,Mid-Market,0,0.0007892980625585486
470,SMB,0,0.036200837331809135
471,Mid-Market,0,0.0007756420978893452
472,SMB,0,0.08770004146967551
473,Mid-Market,0,0.00019330109614104193
474,Mid-Market,0,0.002406176940892976
475,Mid-Market,0,0.0022144391102319827
476,Mid-Market,0,0.0017019158426313714
477,Mid-Market,0,6.532271510248047e-05
478,SMB,0,0.017460746778283884
479,SMB,0,0.07137562131334899
480,Mid-Market,0,0.00044274773637135615
481,Mid-Market,0,0.04731499172284303
482,Mid-Market,0,0.0028107712291177175
483,SMB,0,0.0762405257813619
484,Mid-Market,0,5.305423440685713e-05
485,Enterprise,0,0.002113675514173354
486,Mid-Market,0,0.0009778387794110806
487,SMB,0,0.027046697255960643
488,Mid-Market,0,0.0010722141124635668
490,SMB,0,0.00988108749158109
491,SMB,0,0.0400098623441551
492,SMB,0,0.017792130654629146
493,SMB,0,0.01033549179109534
494,Mid-Market,0,7.229243698796576e-05
495,SMB,0,0.028361708815805724
496,SMB,0,0.03053059399320387
497,SMB,0,0.05392268105667009
498,SMB,0,0.08585338646323114
499,Mid-Market,0,0.0001368265139525835
500,SMB,0,0.002101952540049226
501,SMB,0,0.049264272038260025
502,Occasional,0,0.10197506289352862
503,Occasional,1,0.7264206254086619
504,SMB,0,0.1644722818391654
505,SMB,0,0.17752071093839109
506,SMB,0,0.0010200788509914362
507,Mid-Market,0,0.0015376428863831473
508,Occasional,1,0.43697245861607675
509,SMB,0,0.021036578736198335
510,Mid-Market,0,0.00038687482848145986
511,Enterprise,0,0.011306450571240446
513,Enterprise,0,0.00020799558415995038
514,Mid-Market,0,0.006905729863929667
515,Mid-Market,0,0.01679598056903551
516,Mid-Market,0,0.00044232529099249445
517,Mid-Market,0,0.0013167951849979175
518,SMB,0,0.04687911937812568
519,Enterprise,0,0.00038924805074012686
520,SMB,0,0.011937308636235974
521,Occasional,0,0.07718005903013765
522,Mid-Market,0,0.0009144632442952138
523,Mid-Market,0,0.002619110411934301
524,SMB,0,0.02109718448154685
525,Mid-Market,0,0.003270046712348061
526,Mid-Market,0,0.004642687236151347
527,Occasional,0,0.29545632000197186
528,Occasional,0,0.1580256694023641
529,SMB,0,0.0263466656513256
530,Mid-Market,0,3.596029699769233e-05
532,SMB,0,0.006354130387395567
533,Mid-Market,0,0.0012611136090001375
534,SMB,0,0.054032345739506216
535,Enterprise,0,0.000746858589834173
536,Mid-Market,0,6.86665795631972e-05
537,SMB,0,0.012751445190006174
538,Mid-Market,0,0.00014888353341390603
539,Mid-Market,0,0.00455956572299426
540,Occasional,0,0.7650285830342688
542,SMB,0,0.026562089260919148
543,Occasional,1,0.6978707321426579
544,Occasional,1,0.22219260997508108
545,Mid-Market,0,0.0003559415226248434
546,SMB,0,0.04147566221617608
547,Mid-Market,0,0.0001751860645824976
548,Mid-Market,0,0.00013396687197051672
550,SMB,1,0.4174763467469449
551,SMB,0,0.056866380489097826
552,Mid-Market,0,0.002633660066639765
553,Mid-Market,0,0.00464173301828474
555,Enterprise,0,0.00042737487365266595
556,Mid-Market,0,0.009487400190108547
557,Mid-Market,0,9.138926148469219e-05
558,SMB,0,0.030350859542825608
559,SMB,0,0.018629756999478282
560,SMB,0,0.13484391309362895
561,Mid-Market,0,0.003938990880464851
562,Mid-Market,0,0.004601700434777127
563,Occasional,0,0.23151974607319506
564,SMB,0,0.013413913174334468
565,SMB,0,0.02027974901135022
566,SMB,0,0.17569479294884674
567,SMB,0,0.16980604584023062
568,Enterprise,0,0.0006823499374786974
569,Mid-Market,0,0.00044839776642706023
570,SMB,0,0.008925202007105936
571,Mid-Market,0,0.0013609611080578593
573,SMB,0,0.004424359802671078
574,SMB,0,0.04215044683318423
575,Occasional,0,0.1854509968732429
576,SMB,0,0.0699627031703211
577,Occasional,0,0.05096156533602176
578,SMB,0,0.0023979406482410835
579,Occasional,1,0.10231257454071271
580,Mid-Market,0,0.0008733168785710891
581,SMB,0,0.019141376950573327
582,SMB,0,0.009421071870582996
583,Mid-Market,0,0.0002778198043627143
584,Mid-Market,0,0.00011952600531907623
585,Occasional,1,0.9246926664955609
586,SMB,1,0.2972953074167265
587,Mid-Market,0,0.0008313461763031517
588,Mid-Market,0,1.622328354988961e-05
589,Mid-Market,0,0.03180438536930422
590,Enterprise,0,0.00028476380684579124
591,Occasional,1,0.5923246900022942
592,SMB,0,0.017701111255887615
593,Mid-Market,0,0.0013276028601050427
595,Enterprise,0,0.0009625420327337814
596,Mid-Market,0,3.854982396151352e-05
597,SMB,0,0.013510300282661206
598,SMB,0,0.041789797098741165
599,Occasional,0,0.8906439169818194
600,SMB,0,0.0061300402730518865
601,SMB,0,0.02600103147339343
602,SMB,0,0.047362993282065356
604,SMB,0,0.07667321626743218
606,SMB,0,0.04625861068004
607,Occasional,1,0.8157227280517394
608,Mid-Market,0,0.004185243397111481
609,SMB,1,0.44885705546758015
610,SMB,0,0.10041669033593649
611,SMB,0,0.08952237181775716
612,SMB,0,0.051623274730188316
613,Occasional,1,0.7811118921265482
614,Occasional,0,0.2067512620888395
615,Mid-Market,0,0.003708806529472064
616,SMB,0,0.047297247069650224
617,SMB,0,0.2344800747312823
618,Mid-Market,0,0.0066687414539221964
619,Mid-Market,0,3.864966616633211e-05
620,Enterprise,0,0.0016333616232791458
621,SMB,1,0.552022842237707
622,SMB,0,0.2194055384166177
623,Occasional,1,0.04620781017829836
624,SMB,0,0.0009855017521689174
625,Occasional,0,0.04053774889396462
627,SMB,0,0.0013444695112589124
628,Mid-Market,0,0.0006049876035862649
629,SMB,0,0.13648937190562316
630,SMB,0,0.11439193443062533
631,Occasional,1,0.6508765459947208
632,SMB,0,0.036236653278489406
634,Mid-Market,0,0.0012048876028971445
635,Enterprise,0,0.0025747977423442024
636,Mid-Market,0,0.002356630119085305
637,SMB,0,0.05299062974090896
638,SMB,0,0.11076950443941813
639,SMB,0,0.018236259866816755
640,Occasional,0,0.0839612875610963
641,SMB,0,0.11218904010290887
642,SMB,0,0.11781108939442796
643,Enterprise,0,0.001933461507425097
644,Mid-Market,0,0.00023982067401788905
645,SMB,1,0.38874955474650436
646,Occasional,0,0.10832315823579092
647,Enterprise,0,2.8542519191186695e-05
648,SMB,0,0.0547258084638065
649,SMB,1,0.7105457074385181
650,Enterprise,0,0.0003415899301742821
651,Mid-Market,0,7.280453936045147e-05
652,Occasional,1,0.8354369099498351
653,SMB,0,0.053641624969939586
654,Mid-Market,0,0.000319108517521565
655,Occasional,0,0.2415185463062982
656,Mid-Market,0,0.0002333422680397627
657,Occasional,0,0.18539925799003257
658,Mid-Market,0,0.006502649444721897
659,SMB,0,0.024131858145660986
660,Mid-Market,0,5.8818777161134524e-05
661,Mid-Market,0,0.00023378999119631733
663,Mid-Market,0,0.013253909016489231
664,Mid-Market,0,0.0004432682120369911
665,Mid-Market,0,0.0001420939447786226
666,SMB,0,0.01972321766540971
667,SMB,0,0.008053402087465527
668,Occasional,0,0.09445662368509145
669,Mid-Market,0,0.0005711597616782592
670,Mid-Market,0,0.0021535867632203444
671,Mid-Market,0,0.001780593694629455
672,SMB,0,0.03993834672809639
673,Occasional,0,0.16242160060346147
674,SMB,0,0.03777842148136228
675,SMB,0,0.09942311693767673
676,Mid-Market,0,0.00340265292943699
677,Occasional,0,0.15872712154988836
678,SMB,0,0.020804169339679615
679,Mid-Market,0,0.0005424663255363532
680,Mid-Market,0,8.18552045967222e-05
681,Enterprise,0,0.00028851552399520366
682,Mid-Market,0,0.0004247688418620108
683,Enterprise,0,0.0008950895248639362
684,SMB,0,0.051058941003927404
685,SMB,0,0.027442064034449983
686,Mid-Market,0,7.465202714497018e-05
687,Mid-Market,0,0.0003493578227675867
689,SMB,0,0.18478176059478238
690,SMB,0,0.04595716575114508
691,Mid-Market,0,0.0001698669883938746
692,Occasional,0,0.11566543547016621
693,Mid-Market,0,0.0013151179493204584
694,Mid-Market,0,0.0005711516910274209
695,Occasional,1,0.9036796863297594
696,SMB,0,0.05559687898662809
697,SMB,0,0.0411216205619349
698,SMB,0,0.007464477466417384
700,Mid-Market,0,0.005932956988720092
701,Mid-Market,0,0.001343127773179806
702,Mid-Market,0,0.00047489640586851234
703,Mid-Market,0,0.00036993030640313277
704,Occasional,0,0.7787015106795758
705,Mid-Market,0,0.003288366262238457
706,SMB,0,0.13538888598518248
707,SMB,0,0.01179344723644661
708,SMB,0,0.003119374940082939
709,SMB,0,0.04532267836712402
710,SMB,1,0.4733837641866952
711,Occasional,0,0.3299017874407967
712,SMB,0,0.07089337843873783
713,SMB,0,0.1683641429027611
714,Occasional,0,0.31211642345595836
715,SMB,0,0.08409493337248818
716,Mid-Market,0,0.0009602584714163954
717,SMB,0,0.0008308124676490938
718,Mid-Market,0,0.005737181598539683
719,SMB,0,0.04776339677616525
720,Occasional,1,0.6870346684586583
721,SMB,0,0.020444918773379693
722,SMB,0,0.09257698745436639
723,Enterprise,0,0.00015719706187360358
725,Mid-Market,0,0.0009541706156127072
726,Enterprise,0,0.0019388977656860614
727,Mid-Market,0,0.0007835800396948462
728,Enterprise,0,0.00035499339264139456
729,SMB,1,0.5403536981893077
730,SMB,0,0.027700757712865502
731,Mid-Market,0,0.00011521256402810774
732,Enterprise,0,0.0015106302413023538
733,Mid-Market,0,0.0004888306799764898
734,Mid-Market,0,0.0010661224341636149
735,Enterprise,0,0.0007639376328839521
736,SMB,0,0.08347602664105207
737,Mid-Market,0,0.0004672480719693705
738,Mid-Market,0,0.00034586945381022633
739,Mid-Market,0,0.0009247833747244762
740,Mid-Market,0,0.00038261073577487394
741,Enterprise,0,7.478742207250363e-05
742,Mid-Market,0,0.0005632941532288465
743,Occasional,1,0.9287355014363412
744,Enterprise,0,0.0056062646533118566
745,SMB,0,0.12470304295708014
746,SMB,0,0.007572509846580487
747,Mid-Market,0,0.005459999284506094
748,SMB,0,0.02615009118237304
749,SMB,0,0.08468481466505506
750,Occasional,0,0.2114407737372574
751,Mid-Market,0,0.0002441690054780602
752,Mid-Market,0,4.40827557663757e-05
753,Mid-Market,0,0.0022311782206220062
754,SMB,0,0.0044198345435769405
755,SMB,0,0.2743267364106142
756,Mid-Market,0,0.0006656956838626295
757,Mid-Market,0,0.0019981751035360457
758,Occasional,1,0.5366667984444855
760,SMB,0,0.10020698233149519
761,SMB,0,0.028201545041999468
762,Mid-Market,0,0.00021737772095940013
763,Enterprise,0,0.005952810812176463
764,Mid-Market,0,0.0008578087055165316
765,Occasional,1,0.6182344984007074
766,Enterprise,0,0.0005043498963901306
767,Mid-Market,0,0.006113474926475274
768,Enterprise,0,7.403891193302188e-05
769,Mid-Market,0,9.291081188647975e-05
770,SMB,0,0.01249300945842882
771,Mid-Market,0,0.003733913895999853
772,SMB,0,0.01995412571374923
773,SMB,0,0.016823396502361868
775,Enterprise,0,0.00037978513049011307
776,Occasional,0,0.22413794883553603
777,SMB,0,0.029644487799092706
778,Mid-Market,1,0.6093776577593033
779,SMB,0,0.0494027373006859
781,Mid-Market,0,0.0032513770339149535
782,Occasional,0,0.2995045729827658
783,SMB,0,0.02237011982011884
784,SMB,0,0.1328167840665208
785,Occasional,0,0.7583123779101412
786,Mid-Market,0,0.0012369091262225485
787,SMB,0,0.12639840234691557
788,Mid-Market,0,0.004157715256002088
789,SMB,1,0.5731572477586581
790,SMB,0,0.006876174791136434
791,Mid-Market,0,0.00209180090135351
792,Mid-Market,0,0.0005649055651917734
793,Mid-Market,0,0.05074058245226596
795,Enterprise,0,0.004676001373615099
796,Mid-Market,0,0.001412205807821851
797,Enterprise,0,3.47147419290015e-05
798,Mid-Market,0,0.0029089480593322875
799,SMB,0,0.03952855188183154
801,SMB,0,0.05378361676835695
802,Mid-Market,0,0.00016017150458972048
803,Occasional,1,0.6245094237183945
804,SMB,0,0.0795463196041684
805,Mid-Market,0,0.0056718582308611125
806,Mid-Market,0,6.571553728403853e-05
807,SMB,0,0.14841050378093154
808,Mid-Market,0,0.002498328151618188
809,SMB,0,0.030212252292408356
811,Enterprise,0,0.0017308761905070389
812,Enterprise,0,4.6814291995045096e-05
814,SMB,0,0.019384209155483775
815,Mid-Market,0,0.0014696624988451345
816,Occasional,0,0.22527647051213912
817,Occasional,0,0.40363331707942995
819,SMB,0,0.020270237760647566
820,Mid-Market,0,0.000689224758390807
821,Enterprise,0,0.00234470161177569
822,SMB,0,0.025664254671621117
823,Mid-Market,0,0.0024311269359936624
824,SMB,0,0.01574967293711795
825,Occasional,1,0.4736239463643142
826,Enterprise,0,6.220195857330649e-05
827,SMB,0,0.013062801610786785
830,Mid-Market,0,0.0022099353443083593
831,SMB,0,0.02142764920136124
832,SMB,0,0.028585865120629786
833,Mid-Market,0,0.00015065064863555887
834,SMB,0,0.058233589218110504
835,SMB,0,0.06325006579772631
836,SMB,0,0.025762926040182783
837,SMB,0,0.02736008060596111
838,Occasional,0,0.09130992105392294
839,Mid-Market,0,0.001122428689566688
840,SMB,0,0.05027134748620366
841,Enterprise,0,5.396045225064051e-05
842,SMB,0,0.08062780306350346
843,SMB,0,0.027038724799231192
844,Mid-Market,0,0.0018841641439566945
845,Mid-Market,0,0.008035163084944596
846,Occasional,0,0.5211337958926141
847,Mid-Market,0,0.0032185781846611945
848,SMB,0,0.054461645082937236
849,Mid-Market,0,0.0010742132288921599
851,Mid-Market,0,0.0002871693893611521
852,Mid-Market,0,0.00020228562256579353
853,Occasional,0,0.1495817322498368
854,Occasional,0,0.12934522998393824
855,Mid-Market,0,0.0017530971538093347
856,SMB,1,0.6401406031399364
857,SMB,0,0.011639518479372989
858,Occasional,0,0.38551857471043005
859,Mid-Market,0,0.000613100916437403
860,SMB,0,0.03281245334948436
861,SMB,0,0.05341957555957932
862,SMB,0,0.03077184249307472
863,SMB,0,0.0004463354266139024
864,SMB,0,0.05206976157041829
865,Mid-Market,0,0.001511566015737498
869,Mid-Market,0,8.850641164011355e-05
870,Mid-Market,0,0.0010096166798386256
871,SMB,0,0.055222032929893285
872,Enterprise,0,8.236549980641793e-05
873,Occasional,1,0.8937373635526251
874,Mid-Market,0,0.00031497096083979225
875,SMB,0,0.032157999505512916
876,Occasional,0,0.08962066463096795
877,Mid-Market,0,0.00395799264000718
878,Mid-Market,0,0.0007280888308735386
879,SMB,0,0.0813686807957522
880,SMB,0,0.07030754137811353
881,Mid-Market,0,0.0008138533696468118
882,SMB,0,0.08238582009526298
884,SMB,0,0.020845994331420828
885,Mid-Market,0,0.008636407572670554
886,Mid-Market,0,9.269908177980643e-05
887,Mid-Market,0,0.0006737048924403689
888,Mid-Market,0,9.753483478699028e-05
889,Mid-Market,0,0.00012093943255766069
891,Mid-Market,0,0.000696916764150012
893,Mid-Market,0,0.0057682525737458475
894,Mid-Market,0,0.0017179350271054677
895,SMB,0,0.019949192896424325
897,Mid-Market,1,0.8736687779156808
898,Mid-Market,0,0.0004761024753795625
899,Mid-Market,0,0.00026797885035009794
901,SMB,0,0.03514781549860108
902,Mid-Market,0,0.0002864954751640823
903,Enterprise,0,0.000801826251627807
904,SMB,0,0.1088064441086357
905,Occasional,1,0.6273588215756899
906,SMB,0,0.004637373057281194
907,SMB,0,0.018849750927224566
908,Mid-Market,0,0.0011856647786870275
909,Mid-Market,0,0.0011676760749374656
910,Mid-Market,0,0.00014005364989137274
911,SMB,0,0.02315083651866115
913,Occasional,1,0.7968847589693628
916,Occasional,1,0.8572832614073626
917,Enterprise,0,0.0003407499024954081
918,Mid-Market,0,0.004767470767996718
919,Mid-Market,0,0.020212152093042567
920,SMB,0,0.11215001281044949
921,Mid-Market,0,0.0004758912504811766
922,Occasional,0,0.5583631473228354
923,SMB,0,0.051364185803547874
924,SMB,0,0.012720084740940303
925,Mid-Market,0,0.006038327579277239
926,Mid-Market,0,0.0004553434410534985
927,Mid-Market,0,0.0012140053548963475
928,Occasional,0,0.15321279237543453
929,SMB,0,0.03336134185603114
930,SMB,0,0.05048899851684794
931,Mid-Market,0,0.007161069168310598
932,Mid-Market,0,0.00014039737537130227
933,Mid-Market,0,0.00014968602198607182
934,SMB,0,0.07870669719443765
935,SMB,0,0.0499897034165689
936,Mid-Market,0,0.00027021208974960183
937,Occasional,1,0.7918674722963037
938,Mid-Market,0,0.0007614312953116335
939,Occasional,0,0.36970786019811064
940,Mid-Market,0,0.0007248042600421642
943,Mid-Market,0,0.0051108418481838275
944,Mid-Market,0,4.094525305950628e-05
945,SMB,0,0.01271375527604517
946,Mid-Market,0,0.0009380569559372852
947,SMB,0,0.07053408391369381
948,Occasional,1,0.572502979728199
949,Occasional,0,0.17992381563547782
950,Mid-Market,0,0.0009306387849204039
951,SMB,0,0.10153135972090417
952,Mid-Market,0,0.0005247829321379891
953,Mid-Market,0,0.0010380023947257103
954,Mid-Market,0,0.00015883269225164048
956,Occasional,0,0.4416619451720956
957,SMB,0,0.015438272683034014
958,SMB,0,0.022573430220340657
959,SMB,0,0.03572994923308773
960,SMB,1,0.5241642432301725
961,SMB,0,0.04104161671842467
962,SMB,0,0.05760720577023414
963,Mid-Market,0,0.013913534746853183
964,Mid-Market,0,5.926157303232499e-05
965,Occasional,1,0.7796629497176886
966,SMB,0,0.02544396269618616
967,Occasional,0,0.15894882481939568
968,Mid-Market,0,0.00034791547291048363
969,SMB,0,0.15333177867454223
970,Mid-Market,0,6.35655724851286e-05
971,Mid-Market,0,0.00011662066341726708
972,Enterprise,0,6.957510269754735e-05
973,Mid-Market,0,0.0060948391838347125
974,Occasional,0,0.12389074913335173
975,Mid-Market,0,0.0015414959200384486
976,SMB,0,0.024244206787308674
977,SMB,0,0.006387828475287981
978,Mid-Market,0,0.00016524738309916772
980,Mid-Market,0,0.0004488136463783319
981,Occasional,1,0.8439634664410078
982,SMB,0,0.0707872436663519
983,SMB,0,0.1003732354042966
984,SMB,0,0.022252871517124198
985,Mid-Market,0,0.0011595459091772989
986,Occasional,1,0.7197265384003081
987,Mid-Market,0,0.00017950316396424132
988,Enterprise,0,0.0002240149464740571
989,Mid-Market,0,0.00011635164109855143
990,SMB,0,0.021283320857074874
991,SMB,0,0.022128499510522405
992,SMB,0,0.008754256971240531
993,SMB,0,0.07948083507783675
994,Mid-Market,0,5.246700189810807e-05
996,SMB,0,0.08774005563970017
997,SMB,1,0.4115015635090283
998,Enterprise,0,0.0010155415367792805
999,Occasional,1,0.7525868260310569
1000,Mid-Market,0,0.00363357114557086
1001,Enterprise,0,0.0002932168635388545
1002,SMB,0,0.05700003501960618
1003,Mid-Market,0,0.004278049040797182
1004,Mid-Market,0,0.00042636760547886223
1005,SMB,0,0.18747652430114942
1007,Occasional,0,0.28011746143763433
1009,SMB,1,0.6466361080405133
1010,SMB,0,0.032302919622649744
1011,SMB,1,0.4442789137855536
1012,SMB,0,0.028082151035112923
1013,SMB,0,0.02707463053228676
1014,Occasional,1,0.9028168197251983
1015,Mid-Market,0,0.0030369693655908285
1016,Mid-Market,0,0.0011895097478582628
1017,SMB,0,0.09869563995831869
1018,Occasional,1,0.5139924675440501
1019,Enterprise,0,0.0010311473438301623
1020,SMB,0,0.11431029543636816
1021,Occasional,0,0.12738800011118226
1022,SMB,0,0.04590216723646091
1023,Occasional,0,0.3512626861773552
1025,SMB,0,0.0142535951467182
1026,Mid-Market,0,0.005112338273802453
1027,Occasional,0,0.7921156983037505
1028,Mid-Market,0,0.0017202408432327753
1029,SMB,0,0.02815007205830952
1030,Mid-Market,0,0.00044363999151492497
1031,SMB,0,0.026415856348770438
1032,SMB,0,0.005991588247109021
1033,SMB,0,0.040937483116053004
1034,Occasional,1,0.5438247992457548
1035,Mid-Market,0,0.00629885554397341
1036,SMB,0,0.01694800752150647
1039,SMB,0,0.12119557060979823
1040,Mid-Market,0,0.0001309165929325821
1041,Mid-Market,0,0.0001515045842045157
1042,SMB,0,0.023679489349756732
1043,SMB,0,0.0416123243409639
1044,SMB,0,0.19955898906903735
1045,Enterprise,0,2.1999703117642882e-05
1046,Mid-Market,0,0.0017552307596949827
1047,Mid-Market,0,0.0006121757254549867
1049,Occasional,1,0.7566473696819147
1050,Mid-Market,0,0.05216318212857552
1051,SMB,0,0.019874664106205708
1052,Mid-Market,0,0.00023075091226619078
1054,Mid-Market,0,0.000356671253579038
1055,Mid-Market,0,0.0009749833451032518
1056,SMB,0,0.08042014707719225
1057,Occasional,0,0.43397279992618204
1058,Mid-Market,0,5.9112496419897504e-05
1059,SMB,0,0.166545824230109
1060,SMB,0,0.03062272633121884
1061,Occasional,1,0.8146248298446932
1062,SMB,0,0.1692820252806802
1063,Mid-Market,0,0.0002980149916968398
1064,SMB,0,0.016179120729886406
1065,Mid-Market,0,0.01322725873517404
1066,Occasional,0,0.15394025699314623
1067,Mid-Market,0,0.00018116241526688217
1068,SMB,0,0.050241068386205456
1069,Enterprise,0,0.00018826740891851585
1070,Mid-Market,0,0.002923480319570684
1071,Occasional,0,0.4407517540498215
1072,SMB,0,0.004165737146938528
1073,SMB,0,0.0529204009875706
1074,Occasional,0,0.14907873989870285
1075,Occasional,0,0.26201560915683875
1076,Mid-Market,0,0.0011801424757673434
1077,SMB,0,0.24927686643110278
1079,SMB,0,0.005256433592963361
1080,Mid-Market,0,0.007265053971614722
1081,Mid-Market,0,0.0003015148642486879
1082,Occasional,0,0.23272687685261625
1083,Occasional,1,0.8553532038001808
1084,Occasional,0,0.06608809246638611
1086,SMB,0,0.005911298502744671
1087,SMB,0,0.00137202566891682
1088,SMB,1,0.3233730354986667
1089,SMB,0,0.059805679112907524
1090,SMB,0,0.06189740366092997
1091,Mid-Market,0,0.0013909983428522575
1092,SMB,0,0.09982109282255118
1093,Mid-Market,0,0.00021769411066417047
1094,Mid-Market,0,0.0074134834202631075
1095,SMB,0,0.04595410823633106
1096,Mid-Market,0,0.0012621803984294603
1097,Mid-Market,0,0.0006583159980694762
1098,SMB,0,0.0040860738715875035
1099,Occasional,0,0.060598215598724
1100,Mid-Market,0,0.006534872271398534
1102,Mid-Market,0,0.03690466808273194
1103,SMB,0,0.059860576532741294
1105,Mid-Market,0,0.0002891746033594129
1106,SMB,0,0.07278742560372575
1107,Mid-Market,0,0.0002568938695202783
1108,Mid-Market,0,0.008651078965656332
1109,Occasional,0,0.3653625000327367
1110,Mid-Market,0,0.0003239760980622114
1111,Mid-Market,0,0.0001729169368232489
1112,Mid-Market,0,0.00029477718526503896
1113,SMB,0,0.007447279772733307
1114,Occasional,0,0.16758461937467667
1115,Occasional,0,0.053846713082555744
1116,Enterprise,0,6.275662230958774e-05
1117,Mid-Market,0,0.0001349811533345651
1118,SMB,0,0.09300173778468074
1119,Mid-Market,0,0.004312215360445428
1120,Occasional,0,0.21543122572982476
1121,SMB,1,0.46326068896935974
1122,Mid-Market,0,0.001798559258043574
1123,Occasional,0,0.03207788445043747
1124,Mid-Market,0,3.853729573824609e-05
1125,Mid-Market,0,8.48687746037886e-05
1126,SMB,0,0.036412797123179436
1127,SMB,0,0.023364068980839033
1128,SMB,0,0.005730445867312991
1129,SMB,0,0.04687775615853766
1130,Occasional,1,0.6729862701649503
1131,Occasional,0,0.26249751668914517
1132,SMB,0,0.04397715856605097
1133,Mid-Market,0,0.0009177444729731594
1134,SMB,0,0.033480101760654364
1135,Occasional,1,0.886283591166645
1136,Mid-Market,0,0.001610521112180513
1137,SMB,0,0.034420376546954554
1138,Mid-Market,0,0.000360491190200462
1139,Enterprise,0,0.00039491457204495655
1140,SMB,0,0.06755269014824784
1141,Mid-Market,0,0.0001232083726597684
1142,SMB,1,0.6064709384390207
1143,Occasional,1,0.8588934143131725
1144,SMB,0,0.03470040802253078
1145,Mid-Market,0,0.001483183401615423
1146,Mid-Market,0,0.0012520991864938566
1147,SMB,0,0.45774306976196333
1148,SMB,0,0.11838187395285713
1149,SMB,0,0.016386562358705996
1151,Mid-Market,0,0.001434735160155623
1153,Mid-Market,0,0.0010670366808153817
1154,Mid-Market,0,0.00026985440382621203
1155,SMB,0,0.01792230596385694
1156,Enterprise,0,8.948405532479422e-05
1157,Enterprise,0,0.00011296415523376682
1158,Enterprise,0,3.455907118042439e-05
1159,SMB,0,0.01926642733843658
1160,SMB,0,0.22803782750931734
1161,Enterprise,0,0.00023840042112131606
1162,SMB,1,0.37615243353723343
1163,SMB,0,0.15272346717125898
1165,Mid-Market,0,0.0005619869593016154
1166,Occasional,1,0.9056154905741131
1167,SMB,1,0.23508160831846103
1168,SMB,0,0.10549771509376103
1169,SMB,0,0.0363981733459359
1170,Mid-Market,0,0.0017719812825289134
1171,Mid-Market,0,0.0004576734156105626
1172,SMB,0,0.014314268553040887
1173,Mid-Market,0,7.832063253115706e-05
1174,SMB,0,0.005212483827917706
1175,SMB,1,0.7228337340270884
1176,SMB,0,0.022417202163298185
1177,SMB,0,0.04286692230250139
1178,Mid-Market,0,0.0019019449506975739
1179,Mid-Market,0,0.00010412609484885177
1180,Mid-Market,0,7.979281514414989e-05
1181,SMB,0,0.034349076389992905
1182,Mid-Market,0,4.938424043070784e-05
1183,Mid-Market,0,0.00756748981600538
1184,Mid-Market,0,0.0017081420540640485
1185,Mid-Market,0,0.0014549570889701284
1186,SMB,0,0.01933459351538484
1187,Mid-Market,0,0.00037004471355476555
1188,Occasional,0,0.2652832857916074
1189,Mid-Market,0,0.0035045035731580782
1190,SMB,0,0.01659486942302496
1191,SMB,0,0.015143322805606365
1192,Mid-Market,0,0.00012153882580551418
1193,Occasional,0,0.6734350906269407
1194,Occasional,0,0.3996526736774058
1195,Occasional,0,0.3088921579430864
1196,Mid-Market,0,0.0027264870857591616
1197,Mid-Market,0,5.77519624466493e-05
1198,SMB,1,0.7915570327063541
1199,Mid-Market,0,0.0003628790143063497
1200,SMB,0,0.017715834242410716
1201,SMB,0,0.010823569328816922
1202,SMB,0,0.009411869860151233
1204,SMB,1,0.5925636933131464
1205,Enterprise,0,0.00018758408077074944
1206,Enterprise,0,0.00034981916759116476
1207,SMB,1,0.39052442331811577
1208,SMB,0,0.13471026671900393
1209,Mid-Market,0,0.0003193134494661308
1210,Mid-Market,0,5.04464913976283e-05
1211,SMB,0,0.008243143276672355
1212,SMB,0,0.01508824140439682
1213,SMB,0,0.07791497823154099
1214,Mid-Market,0,0.0013808419410008047
1215,Mid-Market,0,0.0026750917888868184
1217,Mid-Market,0,0.00014922061099825778
1218,SMB,0,0.008950322344353365
1219,SMB,0,0.056956925655961665
1220,Enterprise,0,0.0003030906213049637
1221,Enterprise,0,0.0006309244159327025
1222,Mid-Market,0,0.0026221185410797818
1223,Occasional,0,0.6366871509437131
1224,SMB,0,0.005577997265000654
1225,Mid-Market,0,0.0008092469339499014
1227,SMB,0,0.0630235079150728
1228,SMB,0,0.2727784979809169
1230,Enterprise,0,0.00010213218981595998
1231,Mid-Market,0,2.4152040124264268e-05
1232,SMB,0,0.017040591636688494
1233,Mid-Market,1,0.43166356069805856
1234,SMB,0,0.021570886286812207
1235,Mid-Market,0,0.0007554689626572633
1236,Mid-Market,0,0.0168509828365965
1237,Mid-Market,0,0.0001383997705913916
1238,Mid-Market,0,0.00023310859544206107
1239,Mid-Market,0,0.029723215067966675
1240,Mid-Market,0,0.01151098391497722
1241,Occasional,1,0.6215592836453745
1242,Mid-Market,0,0.0015064266944351313
1243,Mid-Market,0,0.011065719500228693
1244,Enterprise,0,0.00019409155017146944
1245,Mid-Market,1,0.8659358328043387
1246,Mid-Market,0,0.000945822856553398
1247,SMB,0,0.05726122855575154
1248,Mid-Market,0,0.0037806242355848223
1249,Occasional,1,0.0681061803324312
1251,Mid-Market,0,8.216429596732124e-05
1252,Mid-Market,0,0.00023468326544398042
1253,Mid-Market,0,0.007191067792191557
1255,Mid-Market,0,0.0026186087907683567
1256,Occasional,0,0.34493412002581664
1257,SMB,0,0.0314519163153604
1258,SMB,0,0.02689901501161628
1259,SMB,0,0.016489271592506977
1261,Enterprise,0,0.0006716335126088504
1262,Mid-Market,0,0.0028046196687952223
1263,Mid-Market,0,0.0020371184285457485
1264,Occasional,0,0.26593468527173775
1265,SMB,0,0.042474966236363494
1266,SMB,0,0.02992398204759002
1267,Mid-Market,0,0.0016293507709496914
1268,Occasional,0,0.13323853212134004
1269,SMB,0,0.0027703918135628535
1270,SMB,0,0.08751570353231278
1271,Occasional,0,0.2889321808489591
1272,Mid-Market,0,0.00015682554639909917
1273,Mid-Market,0,0.0031156397028947163
1274,SMB,0,0.12792480450887142
1275,Mid-Market,0,0.017464553226828
1276,Mid-Market,0,0.0036851734339802588
1277,Mid-Market,0,0.0010991587525040329
1278,Mid-Market,0,3.4465887247557e-05
1279,Occasional,0,0.25570899364137667
1280,SMB,0,0.20654118576910818
1281,Mid-Market,0,0.0001102104658888306
1282,Mid-Market,0,0.0006590017876501794
1283,SMB,0,0.03811374830059142
1284,SMB,0,0.1427050364202066
1285,Occasional,1,0.538006440577794
1286,Occasional,1,0.6410516915405952
1287,Mid-Market,0,0.006419455798667923
1288,Mid-Market,0,0.0021405728047505677
1289,SMB,0,0.06382064159708753
1290,SMB,1,0.7426609465039906
1291,SMB,0,0.021175433911044258
1292,SMB,0,0.03332072206110252
1293,SMB,0,0.029824926486014734
1294,Mid-Market,0,0.0030782784413509656
1295,Mid-Market,0,0.00373756856857973
1296,Mid-Market,0,0.0006051545883891942
1297,Mid-Market,0,0.0057174638631238344
1298,Mid-Market,0,0.000309704475055002
1299,SMB,0,0.02411668452220361
1300,Mid-Market,0,0.00283687211410838
1301,Mid-Market,0,0.000528565153814567
1302,SMB,0,0.080139665715457
1303,SMB,0,0.045715048772601366
1304,Mid-Market,0,0.0028600728520668103
1305,SMB,0,0.020140027034653906
1306,Occasional,1,0.7121797058603718
1307,SMB,0,0.02058897359611285
1308,SMB,0,0.032800623349811556
1309,Enterprise,0,0.00033040007848161846
1310,Occasional,1,0.8629166529035562
1311,Mid-Market,0,0.0019204070655463267
1312,Occasional,1,0.25883195705524403
1313,SMB,0,0.06416880772843332
1314,Enterprise,0,5.9309523978641974e-05
1315,Enterprise,0,0.0033256743972793754
1316,SMB,0,0.1731319981444001
1317,SMB,0,0.017242707800293057
1318,Enterprise,0,9.60789079440615e-05
1319,SMB,0,0.0067985989040783784
1321,SMB,0,0.016752805099402662
1322,SMB,1,0.6455723572685811
1323,Enterprise,0,0.00287412337215862
1324,SMB,0,0.0841103015662568
1325,Mid-Market,0,0.00288091139362706
1326,Occasional,1,0.5381817601461281
1327,Mid-Market,0,0.00020240585972190324
1328,SMB,1,0.058626140774296655
1329,Mid-Market,0,0.0010499183550401524
1330,Mid-Market,0,0.018792311683830255
1331,SMB,0,0.01251124349961096
1332,SMB,0,0.019523896042801987
1333,SMB,0,0.05647877398638758
1335,Occasional,0,0.19759590151121484
1336,Occasional,0,0.20908429600819092
1338,SMB,0,0.038738318994655886
1339,Occasional,1,0.7773499750636321
1340,Mid-Market,0,0.000581080727085903
1341,Mid-Market,0,0.0004408707856611067
1342,SMB,0,0.046041426326434924
1343,SMB,0,0.24789393801707607
1344,SMB,0,0.01194263039355509
1345,Occasional,1,0.05272328500860132
1346,SMB,1,0.3764544324936054
1347,Mid-Market,0,0.0002846928651870951
1348,Mid-Market,0,0.0066865531987295845
1349,Mid-Market,0,0.0002899720664467376
1350,Mid-Market,0,0.11367620172482783
1351,SMB,0,0.08206860187386779
1352,Occasional,1,0.5567804112750014
1353,Mid-Market,0,0.00024375846429649446
1354,Mid-Market,0,0.0006199022248623327
1355,Occasional,1,0.6574945461846575
1356,Enterprise,0,0.0009489414973681244
1357,SMB,1,0.39187833761940866
1358,SMB,0,0.06399348242193519
1359,SMB,0,0.060523001797819186
1360,Mid-Market,0,0.0004485118103801591
1361,SMB,0,0.04724045159376878
1362,Mid-Market,0,0.000540703149852372
1363,SMB,0,0.00025254187609973183
1364,Enterprise,0,0.00013926017674996562
1365,SMB,0,0.024309322290394182
1366,SMB,0,0.04407382979750834
1367,Mid-Market,0,0.0007358883595249021
1368,Mid-Market,0,4.9199672317683094e-05
1370,Mid-Market,0,0.00953310041164659
1371,Mid-Market,0,4.690932129661525e-05
1372,Occasional,0,0.3501719844648252
1373,Mid-Market,0,0.0004033886676400898
1374,SMB,0,0.04946913441503045
1376,Mid-Market,0,0.00010329306287857802
1377,SMB,0,0.03615561385220699
1378,Occasional,1,0.51658348540178
1379,SMB,0,0.03339628278941237
1380,Mid-Market,0,7.226251770881079e-05
1381,SMB,0,0.07110282100171757
1382,Enterprise,0,7.00059837965136e-05
1383,SMB,0,0.07365215394111843
1384,Occasional,0,0.8066519919771059
1385,Occasional,1,0.8019758310852863
1386,Enterprise,0,8.677683925139074e-05
1387,SMB,0,0.002741190185292682
1388,Mid-Market,0,0.0003002618705511427
1389,Occasional,0,0.07561746865038983
1390,Enterprise,0,0.0006369264231917025
1391,Occasional,1,0.9157191916409836
1392,Occasional,1,0.8950606910219187
1393,Mid-Market,0,0.00027820977907277924
1394,Enterprise,0,0.0015744564263375743
1397,SMB,0,0.04730631358902385
1398,Occasional,0,0.20113380001667563
1399,SMB,0,0.04382574337022108
1400,Mid-Market,0,0.0008385296257883395
1401,SMB,0,0.009870138514725764
1402,Enterprise,0,0.0003376173053239537
1404,Mid-Market,0,0.00043421105858127204
1405,Mid-Market,0,0.0005560940193278532
1406,Mid-Market,0,5.004436931748489e-05
1408,Mid-Market,0,0.00023008624566517603
1409,Occasional,0,0.8818462470631654
1410,SMB,0,0.19017643292965758
1411,Occasional,0,0.36249122999838684
1412,Occasional,1,0.41997674549030395
1413,Occasional,1,0.8792105434863662
1414,Occasional,0,0.5167552516513487
1415,Mid-Market,0,0.0009054386280516636
1416,SMB,0,0.02634079966014933
1417,SMB,0,0.018662601568894956
1418,SMB,0,0.051521519715986744
1421,SMB,0,0.08629863376025464
1422,SMB,0,0.12826030456234835
1424,Mid-Market,0,0.0022428785830097514
1425,Mid-Market,0,0.00259105462911111
1426,Mid-Market,0,0.002160165894042688
1427,Mid-Market,0,5.589585992745681e-05
1428,Enterprise,0,0.00010284426607474064
1429,SMB,0,0.0030434496341742072
1430,SMB,0,0.06751222954891206
1431,Occasional,1,0.9247769396958129
1432,SMB,0,0.036936821925024094
1433,Enterprise,0,0.000407482535078069
1434,Mid-Market,0,0.0007110125859540496
1435,Mid-Market,0,3.566670901248272e-05
1437,Mid-Market,0,0.018484121666277057
1438,SMB,0,0.0342196270370555
1439,Occasional,0,0.14726904734687699
1440,Occasional,0,0.5134101027711665
1441,Mid-Market,0,0.0003279505887865203
1442,Enterprise,0,0.00040839693101666914
1444,Enterprise,0,0.00015642522926542202
1445,Mid-Market,0,0.002451553005712092
1446,SMB,0,0.10666769634120499
1448,SMB,0,0.013688816915370066
1449,SMB,0,0.02333583347126321
1450,Mid-Market,0,9.902268240783184e-05
1451,SMB,0,0.048415549094351154
1452,SMB,0,0.009315699568016114
1453,Occasional,0,0.10505450798779513
1454,Occasional,1,0.667102809138907
1455,Mid-Market,0,7.4343638353397e-05
1456,Mid-Market,0,0.004921557085447625
1457,Mid-Market,0,0.0045837857458281535
1458,SMB,0,0.07825451309645926
1459,Occasional,0,0.18331983836475335
1460,Mid-Market,0,0.00042165197772246266
1461,SMB,0,0.01397319120778481
1462,SMB,0,0.025859013948205
1463,Mid-Market,0,0.005604058836285761
1464,Mid-Market,0,0.0015569422438164054
1465,SMB,0,0.030275973944851178
1466,SMB,0,0.19168433347543692
1467,SMB,0,0.021337859502072037
1468,Mid-Market,0,0.001125028592731098
1469,SMB,0,0.013656125724324513
1470,Mid-Market,0,0.0036138327712742766
1471,Occasional,0,0.08271220521688497
1472,Mid-Market,0,0.0011662480172349098
1473,Mid-Market,0,0.0009581763298881627
1474,SMB,0,0.07340619970171765
1475,SMB,0,0.03950150442063464
1476,SMB,0,0.11800831386021865
1477,SMB,0,0.012760436183970847
1478,Occasional,1,0.6146184629824067
1479,SMB,0,0.14532417699946248
1480,SMB,0,0.0033312340003874403
1481,Mid-Market,0,0.0009715792929547094
1482,Enterprise,0,0.004765850538950202
1483,SMB,0,0.04158397878217655
1484,Mid-Market,1,0.007054193887656952
1485,SMB,0,0.019563976366216023
1486,Enterprise,0,0.002696898181733216
1487,Occasional,1,0.7522107908197521
1489,Occasional,0,0.38301473086732
1490,SMB,0,0.11279258863010298
1492,SMB,0,0.015569788641492941
1493,SMB,0,0.0064181905858219715
1494,SMB,0,0.20345282727975428
1495,Mid-Market,0,0.0010426098571674014
1496,SMB,0,0.028211054649315156
1498,SMB,1,0.2631608156628218
1499,Mid-Market,0,8.659364396790808e-05
1500,SMB,0,0.01021773836517389
1501,SMB,1,0.0009513121659691414
1502,Occasional,1,0.8559008574219155
1503,Mid-Market,0,0.00019347121739417622
1504,Mid-Market,0,0.00039858810387999403
1505,SMB,0,0.006867184896192322
1506,SMB,0,0.03565554445139736
1507,SMB,0,0.020359927576006766
1508,SMB,0,0.04577413849333364
1509,Mid-Market,0,0.010317327548469937
1510,SMB,0,0.05616136288236868
1511,Mid-Market,0,3.690800181352928e-05
1512,Mid-Market,0,0.0020032459320712204
1513,SMB,1,0.2553966269487351
1514,SMB,0,0.0023373696883559423
1515,Occasional,0,0.34771630660948044
1517,Mid-Market,0,0.000437869641786348
1518,Occasional,0,0.2874143785673304
1519,Mid-Market,0,0.0024432555777426737
1520,Mid-Market,0,0.00042976673143678255
1521,Mid-Market,0,0.0023374561561941695
1522,SMB,0,0.02870013666413829
1523,Occasional,0,0.04904370322010431
1524,SMB,0,0.02129070606640989
1525,SMB,0,0.06419645485031504
1527,Mid-Market,0,0.000982089078976218
1528,SMB,0,0.048840599595297726
1529,Mid-Market,0,0.0011397512839400558
1530,Mid-Market,0,0.00024107456090145934
1531,Mid-Market,0,0.00016808771719816127
1533,SMB,0,0.19986390484523167
1534,SMB,0,0.041116430549879165
1535,Enterprise,0,0.00030550693722837465
1536,SMB,0,0.096209085307412
1537,SMB,0,0.01898317896535516
1538,SMB,0,0.005473168442875248
1539,SMB,0,0.05571583985047286
1540,SMB,0,0.09020711031477244
1541,SMB,0,0.0007039662775872252
1542,Mid-Market,0,0.0022031779979181628
1543,Mid-Market,0,0.0034190777575228253
1544,Mid-Market,0,0.0022351519964972874
1545,SMB,1,0.5977722116947344
1546,Mid-Market,0,0.0002263038025115997
1547,Mid-Market,0,0.000275505636869004
1549,Mid-Market,0,0.006352603254271697
1551,Mid-Market,0,0.0015344439209966979
1552,SMB,0,0.1383177082796558
1553,Mid-Market,0,0.0001221300994308627
1554,Mid-Market,0,0.00013798835439629467
1555,Mid-Market,0,0.0008857947499348704
1556,SMB,0,0.05185714083663218
1557,Occasional,0,0.37428402265635935
1558,SMB,0,0.009067456865523762
1559,SMB,0,0.007929295526476187
1560,Occasional,1,0.682708552447799
1561,Occasional,1,0.8993474128213477
1562,SMB,0,0.018560807584130944
1563,Occasional,1,0.616863356834881
1564,Occasional,1,0.8502765849306748
1565,SMB,0,0.04077446158518444
1566,SMB,1,0.03236493990344627
1567,Mid-Market,0,0.00826810295503973
1568,Enterprise,0,0.00033015672119876175
1569,SMB,0,0.009499159656917276
1571,Mid-Market,0,0.0004932386565104414
1572,SMB,0,0.04936551236337808
1573,SMB,0,0.03167259243351214
1574,Occasional,1,0.7531696410462153
1575,Mid-Market,0,0.00730521880160178
1576,Mid-Market,0,0.00023985510524143644
1577,SMB,0,0.04011380912041699
1578,Occasional,1,0.43786011772868844
1579,Occasional,1,0.25189966929108937
1580,Occasional,1,0.2642230714879205
1582,Mid-Market,0,0.00018200550104930432
1583,Mid-Market,0,0.0005294875561233171
1584,Mid-Market,0,0.00015917323711314165
1585,SMB,0,0.006596731747862355
1586,Occasional,0,0.4673189108728782
1587,Mid-Market,0,7.886662070060364e-05
1588,SMB,0,0.05721211613945516
1589,Mid-Market,0,7.28126335255609e-05
1590,Mid-Market,0,0.000876204895159925
1591,Mid-Market,0,0.0006676861825494001
1592,Enterprise,0,0.00010248820742823443
1593,Occasional,1,0.6367463105680243
1594,Mid-Market,0,0.0013527859021799427
1595,Occasional,0,0.2496421127546608
1596,SMB,0,0.050435595426758885
1597,Mid-Market,0,0.00031597093374209986
1598,Mid-Market,0,0.004981200318081071
1599,SMB,0,0.015242540938308175
1600,Mid-Market,0,0.00017096928195894307
1601,Occasional,0,0.03891640614543861
1602,Mid-Market,0,0.0009208184376538813
1603,SMB,0,0.050128273114614194
1604,SMB,0,0.02319871533830494
1605,Mid-Market,0,0.003020454917320344
1606,Mid-Market,0,0.0005755406776826331
1608,Mid-Market,0,0.004673993135593016
1610,SMB,0,0.03552775256824851
1611,Mid-Market,0,0.0034207293323732404
1612,SMB,0,0.04099158845846042
1613,SMB,0,0.016941900340863764
1614,Mid-Market,0,0.01777093133683304
1615,Occasional,0,0.11515261941892865
1616,Mid-Market,0,0.0010028910569553253
1617,Enterprise,0,5.002971135719287e-05
1618,SMB,0,0.04609582766080199
1619,Occasional,0,0.14295001427929854
1620,Enterprise,0,0.0037246503069907977
1621,Mid-Market,0,0.0018561750273953354
1622,SMB,0,0.18289629277315397
1623,SMB,0,0.05893706240410961
1624,Mid-Market,0,0.005868991896031822
1625,Mid-Market,0,0.004154931587102141
1626,SMB,1,0.5284948401662709
1627,Mid-Market,0,0.002659775335442825
1628,Mid-Market,0,0.0060443982598371885
1629,Mid-Market,0,0.0025278296439507734
1630,Mid-Market,0,1.8235934574778952e-05
1631,SMB,0,0.02555878188352387
1632,Occasional,1,0.9162388474497785
1634,SMB,0,0.07459696291647096
1635,Occasional,1,0.8550462527297055
1636,Mid-Market,0,0.050712789537954155
1637,Mid-Market,0,0.0003334982717419541
1639,Mid-Market,0,4.828607636749399e-05
1640,SMB,0,0.014650394107667017
1641,SMB,0,0.09814618032229584
1642,Mid-Market,0,0.0015695737536411988
1643,SMB,0,0.006069068769457532
1644,Mid-Market,0,0.001174912747840476
1645,Mid-Market,0,0.03442222790463518
1646,SMB,1,0.24300807919682268
1647,Mid-Market,0,3.136632264161094e-05
1648,SMB,0,0.05919270028762729
1650,SMB,0,0.014456997851788582
1651,Mid-Market,0,4.731026885563938e-05
1652,Mid-Market,0,8.681452119451276e-05
1653,Mid-Market,0,0.0007804241634564103
1654,Mid-Market,0,0.0004313479424406864
1655,Occasional,1,0.6538050720112197
1656,Mid-Market,0,0.0002892646385211973
1657,Mid-Market,0,9.23177578863464e-05
1658,Occasional,1,0.29658704450874324
1659,Mid-Market,0,0.0012607020867467448
1660,Enterprise,0,0.0002166325112339482
1661,Mid-Market,0,0.005918583193670678
1662,SMB,0,0.009153851377870748
1663,SMB,1,0.5574957045338323
1664,Mid-Market,0,0.00010867118963842652
1665,Occasional,0,0.23249992252471535
1667,Occasional,0,0.20045661332995457
1668,Mid-Market,0,0.0001890310993910254
1669,Enterprise,0,7.769216401821702e-05
1670,Occasional,0,0.12018886917964686
1671,Mid-Market,0,0.002096701328964825
1672,SMB,0,0.30869783131488615
1673,SMB,0,0.030747795298692825
1674,Mid-Market,0,8.536331303339077e-05
1675,SMB,0,0.04919392074505958
1676,Occasional,1,0.8300959791096717
1677,SMB,0,0.0472164371194935
1678,SMB,0,0.01914094604480867
1679,Occasional,0,0.22008849682616052
1680,SMB,0,0.017769058243999318
1681,SMB,0,0.033526100549600577
1682,SMB,0,0.021182418267118634
1683,SMB,1,0.7868562272688626
1684,Mid-Market,0,0.0002959855479361124
1685,Mid-Market,0,0.001778763317444294
1686,Mid-Market,0,0.0009088761466393902
1687,SMB,0,0.038753337960161685
1688,SMB,0,0.11640190682813815
1689,SMB,1,0.06843596733522551
1690,Mid-Market,0,0.0015332416072122593
1691,SMB,0,0.03274809772537998
1692,Occasional,0,0.14129597087399168
1693,Mid-Market,0,0.0007651689978435731
1694,SMB,1,0.39043374493236543
1695,SMB,0,0.08823402354246819
1696,SMB,0,0.028377871030500625
1697,Mid-Market,0,0.00047044163626072785
1698,SMB,0,0.023090587032474272
1699,Occasional,0,0.04227991379060269
1700,SMB,1,0.507486005791425
1701,Occasional,0,0.365577386394896
1702,Occasional,1,0.599876929452147
1703,Mid-Market,0,0.00018905399950163538
1704,SMB,0,0.0037000115024527886
1705,SMB,1,0.29958959454114126
1706,Occasional,0,0.20114898144386764
1707,Mid-Market,0,5.198801972609232e-05
1709,Occasional,0,0.21816715161918945
1710,Mid-Market,0,0.007218223529323619
1711,SMB,0,0.12083531215060136
1712,Mid-Market,0,0.0017303671850434491
1714,Occasional,1,0.2726610497664671
1715,Mid-Market,0,0.0003555014322214585
1716,SMB,0,0.07912965905836397
1717,Mid-Market,0,0.001210008946718685
1718,SMB,0,0.0046645401600516985
1719,SMB,0,0.10294907088439137
1720,SMB,0,0.02475654382163375
1721,Enterprise,0,0.00023485484853152244
1722,Mid-Market,0,0.0014262769770680811
1723,SMB,0,0.01657087980218569
1724,SMB,0,0.06683291932477514
1725,SMB,0,0.04077730703470029
1726,Enterprise,0,0.00018762130866037613
1727,Mid-Market,0,0.0012335948615749197
1729,Enterprise,0,6.471858262161023e-05
1730,Mid-Market,0,0.004040113190892562
1732,Enterprise,0,0.00011387135891452207
1733,SMB,1,0.7930245752300213
1734,Mid-Market,0,0.00029496414559163704
1735,Occasional,1,0.6647467939884737
1736,SMB,0,0.17046205176023838
1738,Mid-Market,0,0.006654257257231253
1739,SMB,1,0.05828974793101258
1740,SMB,0,0.0100475208037911
1741,Mid-Market,0,6.805320813510551e-05
1742,Mid-Market,0,0.0005760600772756239
1743,Enterprise,0,0.0032619726641193226
1744,Occasional,1,0.6213680910505501
1746,SMB,0,0.1630262123084377
1747,SMB,0,0.06512243229076504
1748,SMB,0,0.01577269267814765
1750,SMB,0,0.046172887419354325
1751,SMB,0,0.03731423310222027
1753,Occasional,1,0.33831339281716943
1754,SMB,0,0.011821324952001496
1755,Mid-Market,0,0.002116173908706103
1756,SMB,0,0.012344513798301326
1757,Mid-Market,0,0.00040446238373632556
1758,Occasional,1,0.40940256314549794
1759,Occasional,1,0.729650447247332
1760,Occasional,1,0.9640041186706968
1761,Mid-Market,0,0.0031314678591739965
1762,Mid-Market,0,0.00044570476798414346
1764,Mid-Market,0,0.0008757246559108764
1765,Mid-Market,0,0.0016543246777190308
1766,Enterprise,0,0.005707900029575037
1768,Enterprise,0,0.006546894438472197
1769,Mid-Market,0,2.2896997442829194e-05
1770,SMB,0,0.005081817133873468
1771,SMB,0,0.05383244062174781
1772,SMB,0,0.028969944668119172
1773,SMB,0,0.036643216224540066
1774,Occasional,0,0.10607093480222204
1775,SMB,0,0.1214513245311053
1776,SMB,0,0.017771266312940077
1777,SMB,0,0.033090517215333744
1778,SMB,1,0.5744335088233387
1779,Mid-Market,0,0.0008306533547529693
1780,SMB,0,0.06740652754307942
1781,Mid-Market,0,0.0004738393499773635
1782,SMB,0,0.05134922196088299
1783,Mid-Market,0,0.00010314242172189613
1784,Mid-Market,0,0.0010155661597676011
1785,Mid-Market,0,0.0007857776094603843
1786,Occasional,1,0.21693320910755742
1787,Mid-Market,0,0.0008454273932464548
1788,SMB,0,0.07549412795424763
1789,Occasional,0,0.09437949441611364
1790,Enterprise,0,0.00017767059370045989
1791,SMB,0,0.06273379862528329
1792,Mid-Market,0,0.000421545297407988
1793,Mid-Market,0,0.0013948297824704706
1794,SMB,0,0.017756168835175088
1795,Occasional,1,0.8598922240482051
1796,Mid-Market,0,0.006185987353072756
1797,SMB,1,0.032788372291777126
1798,Mid-Market,0,0.0005891344777779326
1799,SMB,0,0.05604396033280055
1800,SMB,0,0.020644387286371205
1801,SMB,0,0.015773334937351034
1802,SMB,0,0.015156854740529992
1803,Mid-Market,0,0.0016525116446533326
1804,SMB,0,0.00022264976343458871
1805,SMB,1,0.39000737856980633
1806,SMB,0,0.17478698936056394
1807,Enterprise,0,0.0003127034219967925
1808,SMB,0,0.04366659265697938
1809,Mid-Market,0,0.009994419424821217
1811,Mid-Market,0,0.004816632871059305
1813,SMB,0,0.02291595664265393
1814,Mid-Market,0,3.555590243820941e-05
1815,SMB,0,0.09469893339732036
1816,SMB,0,0.01869352323958916
1818,SMB,0,0.020362428653130045
1820,SMB,0,0.07124526428031233
1821,Occasional,1,0.5691217028191798
1822,SMB,1,0.22822514839936933
1823,SMB,0,0.02734518235734895
1824,SMB,0,0.024428295016301473
1825,SMB,0,0.02751655022297203
1826,Enterprise,0,9.219075892593747e-05
1827,SMB,0,0.04825165852759182
1828,SMB,0,0.022726698887860736
1829,Occasional,1,0.6999223416904238
1830,SMB,0,0.05377707380566865
1831,SMB,0,0.00454437345310185
1832,Occasional,0,0.493923002311059
1833,SMB,0,0.12781164488095947
1834,Mid-Market,0,0.0010311458627621523
1835,Mid-Market,0,0.00020826701937339472
1836,Mid-Market,0,0.00037797970808841556
1837,Enterprise,0,4.540916454771688e-05
1838,SMB,0,0.049474493035327326
1839,SMB,0,0.002315900453108887
1840,SMB,0,0.1373148692708157
1841,Enterprise,0,0.00024271547273110075
1842,SMB,0,0.0017790973668330853
1843,Mid-Market,0,0.00020845140422712555
1845,Mid-Market,0,0.0005957773724646321
1846,SMB,0,0.09176544336250178
1847,Mid-Market,0,0.0010844343498707
1848,SMB,0,0.008120181698081746
1849,Mid-Market,0,0.0018770168000565586
1850,SMB,0,0.18257070574450943
1851,Mid-Market,0,4.629726810586407e-05
1852,Occasional,0,0.06426829191053814
1853,SMB,0,0.03467267297115305
1854,SMB,0,0.02841666233682843
1855,Occasional,0,0.17201919225383883
1856,Occasional,0,0.24086672065136322
1857,Mid-Market,0,0.012811253011275394
1858,Mid-Market,0,0.0005583859186303422
1859,Mid-Market,0,0.0003676322340881546
1860,Mid-Market,0,0.000525698565264408
1861,SMB,0,0.03427231327726081
1862,Occasional,1,0.6909904347338802
1863,Occasional,0,0.7438517061964636
1864,SMB,0,0.007665885003771039
1865,SMB,0,0.02243188506474272
1866,Occasional,1,0.807345862757199
1867,Occasional,0,0.2516943469008953
1868,Mid-Market,0,0.00010875568410044212
1869,SMB,0,0.12879393020728136
1870,Occasional,0,0.12230184900132492
1871,Mid-Market,0,0.00043714673351292896
1874,Occasional,0,0.29162683101566356
1875,Occasional,1,0.8471446150386054
1876,SMB,0,0.01969506040631449
1877,Mid-Market,0,0.000910653073089958
1878,Mid-Market,0,0.0015528195538709057
1879,SMB,0,0.013949567339023776
1881,SMB,1,0.5765792617627058
1882,SMB,1,0.04201176738054674
1883,Mid-Market,0,0.0009567074139448892
1884,SMB,0,0.12463615564767974
1885,Mid-Market,0,0.0010167441965085642
1886,Mid-Market,0,0.0018023194367863223
1887,Mid-Market,0,0.0038039670287338422
1888,Mid-Market,0,0.008686867507567291
1891,Mid-Market,0,0.0005875076953888905
1893,SMB,0,0.20070512039370017
1894,Enterprise,0,0.0002244822950603929
1895,Mid-Market,0,0.002628587868695737
1896,Mid-Market,0,0.002390944954066329
1897,SMB,0,0.0007471600059386144
1898,Mid-Market,0,0.0017767138839401581
1899,Enterprise,0,6.239236336170773e-05
1900,Enterprise,0,0.00018317935134742
1901,SMB,0,0.03182021330623459
1902,Enterprise,0,4.743679674826089e-05
1903,Occasional,0,0.26809562905414486
1904,Mid-Market,0,0.0005063615432429534
1905,SMB,0,0.02153129443400897
1906,SMB,0,0.06363187975019219
1908,Enterprise,0,0.0017003392001934737
1909,SMB,0,0.13911411775563087
1910,Occasional,1,0.8146724541141794
1911,Enterprise,0,0.0002420768280833509
1912,Mid-Market,0,0.00022102049581984422
1913,Occasional,1,0.4654062887046856
1914,SMB,0,0.0792500750323261
1915,Mid-Market,0,0.00044380689925348834
1916,Mid-Market,0,0.0001856727072096104
1917,SMB,0,0.05622516770999804
1918,SMB,0,0.04532024015901993
1919,SMB,0,0.1957927417805239
1920,Occasional,0,0.26849073878584867
1921,SMB,0,0.0647702136137888
1922,Mid-Market,0,0.006016920921156585
1923,SMB,0,0.1801352119240943
1924,Mid-Market,0,0.0005455267281994406
1925,Mid-Market,0,0.009287868054433423
1926,Enterprise,0,6.985344796453254e-05
1927,Mid-Market,0,0.00011561090202625763
1928,SMB,0,0.009340176176174022
1929,Enterprise,0,9.50443960854485e-05
1930,SMB,0,0.030608206690194352
1931,SMB,0,0.06783280735911353
1932,SMB,0,0.018273063067845183
1933,SMB,0,0.0553806681859892
1934,SMB,0,0.027120086555323285
1935,SMB,0,0.017783008324500516
1936,Mid-Market,0,0.0045307906566318355
1937,SMB,0,0.06888902275744956
1941,Mid-Market,0,0.0006288543038977638
1942,SMB,0,0.2090882355280824
1943,Mid-Market,0,0.0013740329918731184
1944,Mid-Market,0,0.000423560748738692
1945,SMB,0,0.09387022247354891
1946,Occasional,0,0.10051007421934964
1947,Mid-Market,0,0.0001471694586193717
1948,Occasional,0,0.2940054995915813
1951,Occasional,1,0.7297494331666079
1952,Enterprise,0,0.00018078644777595366
1953,SMB,0,0.01932022407447297
1954,Occasional,1,0.6997513049644157
1956,Occasional,0,0.36548603417589853
1957,SMB,0,0.02681732713743971
1958,Enterprise,0,0.0002104425494010594
1959,Occasional,1,0.6227415764974146
1960,SMB,1,0.33305578714654194
1961,SMB,0,0.03896711402752266
1962,Mid-Market,0,0.00032697363152065797
1963,SMB,0,0.0323532667024667
1964,Mid-Market,0,0.00016064303504302103
1965,SMB,0,0.023875508767907217
1966,Enterprise,0,0.0006717237119776969
1967,SMB,1,0.6433511194133406
1968,Occasional,0,0.46906121157563624
1969,SMB,0,0.014274468699165507
1970,SMB,0,0.03673903548145676
1971,Mid-Market,0,0.0023846863321942413
1972,Occasional,0,0.11159999616641039
1973,SMB,0,0.04089833636435087
1974,Mid-Market,0,0.0010553246304178291
1975,Mid-Market,0,0.00021317369262973844
1976,Mid-Market,0,0.0022825353484680773
1977,SMB,0,0.03509576883232894
1979,SMB,0,0.009983702266590028
1980,Mid-Market,0,0.00012053684705075845
1981,Occasional,1,0.7732416830413972
1982,Mid-Market,0,5.6621880168585265e-05
1983,Occasional,0,0.15705334170364663
1984,Mid-Market,0,0.0018490614641293375
1985,SMB,0,0.37325271286505085
1987,Mid-Market,0,9.532489423079993e-05
1988,SMB,0,0.021471955250162482
1989,Occasional,0,0.04869976149478134
1990,Mid-Market,0,4.360150699637081e-05
1991,Mid-Market,0,0.0006393600526467094
1992,SMB,0,0.004976399142203064
1993,Mid-Market,0,0.0002645918278733967
1994,Enterprise,0,0.0005513296632860825
1995,SMB,0,0.158183385938564
1996,SMB,0,0.06495672101281122
1997,Mid-Market,0,0.0008491359613075473
1998,Mid-Market,0,0.0006923411696959449
1999,Occasional,0,0.46632725906507816
2000,SMB,0,0.060102990493675526
2001,Occasional,1,0.8276144088416423
2002,SMB,0,0.022590009825920535
2003,Occasional,1,0.6521865670509145
2005,Mid-Market,0,0.0010748432949787769
2006,Occasional,1,0.20773432502587702
2007,SMB,0,0.04863236207027656
2008,Mid-Market,0,0.006074127155273689
2009,Mid-Market,0,0.00029572588256491036
2010,SMB,0,0.045333108440364984
2011,Enterprise,0,0.00019843962443711987
2012,Mid-Market,0,0.004697311766680061
2013,Mid-Market,0,0.0013483929071562675
2014,SMB,0,0.021387692960989614
2015,Mid-Market,0,0.00016437553066585593
2016,SMB,0,0.03942065767526485
2017,Mid-Market,0,0.0021549619289335715
2018,Enterprise,0,0.00026168735719571737
2019,SMB,0,0.008325004669265428
2020,Mid-Market,0,0.00040400776057718355
2021,SMB,0,0.1347110677511561
2022,Mid-Market,0,0.00021550203824768379
2023,Enterprise,0,5.901641410189998e-05
2024,Mid-Market,0,0.010692160214822704
2025,SMB,0,0.04317665488326977
2026,Mid-Market,0,0.011709437480424764
2028,Mid-Market,0,0.00012759281758881367
2029,SMB,0,0.1978028716776512
2030,SMB,0,0.22565310966042387
2031,Enterprise,0,0.0001942604775661437
2032,SMB,0,0.07859340377599285
2033,Mid-Market,0,0.004161163955690684
2034,Mid-Market,0,3.769615573099748e-05
2035,Mid-Market,0,0.00011974098058943681
2036,SMB,1,0.5478971416078716
2037,Occasional,0,0.013024657691318185
2038,Enterprise,0,6.329515592176806e-05
2039,SMB,0,0.06583138979282326
2040,SMB,0,0.17011378648825745
2041,Mid-Market,0,0.0005515571503047697
2042,SMB,0,0.0933291368341849
2043,SMB,0,0.014134603904994323
2044,Occasional,0,0.23199663035034324
2045,Occasional,1,0.6215216521108502
2046,Enterprise,0,0.00041008966359451656
2047,SMB,0,0.3092938911291535
2048,SMB,0,0.18185346321767518
2049,Mid-Market,0,0.00046957070284954147
2050,Mid-Market,0,0.0007459444753952932
2052,Enterprise,0,0.0007499874655389295
2053,SMB,0,0.024781597507736102
2055,Mid-Market,0,0.0024866188767678717
2056,SMB,0,0.014322465476813534
2057,Occasional,1,0.8631758385908502
2058,SMB,0,0.038535671990765366
2059,Mid-Market,0,0.0018370486496376635
2060,Enterprise,0,0.0005975956190031255
2062,Mid-Market,0,0.00011473438980607674
2064,Mid-Market,0,8.2846062707266e-05
2065,Mid-Market,0,0.003862713663439545
2066,Occasional,1,0.6723867519689136
2067,SMB,1,0.31556666740159284
2068,Occasional,1,0.7089894934670645
2069,Mid-Market,0,0.0007323418364600473
2071,Occasional,1,0.540494533350275
2072,SMB,0,0.2287024292111354
2073,Mid-Market,0,0.00025955421786630654
2074,Occasional,0,0.20426485046808454
2075,Mid-Market,0,0.008026297116835546
2076,SMB,0,0.09299482489504056
2077,Occasional,1,0.8059204594714682
2078,Mid-Market,0,0.0015028060331041633
2079,Mid-Market,0,0.0005652758459992142
2080,Enterprise,0,0.00018869684327963473
2081,Mid-Market,0,5.385925201146963e-05
2082,Mid-Market,0,0.00031514104534404407
2083,SMB,0,0.01915011872741188
2084,Mid-Market,0,0.0004993764317661907
2085,SMB,0,0.030171129143477117
2086,Mid-Market,0,0.0011123534121237311
2087,Mid-Market,0,5.562737993606683e-05
2088,Mid-Market,0,1.910524678837907e-05
2089,SMB,0,0.029825348412135164
2090,SMB,0,0.01814226949038549
2091,Mid-Market,0,8.493734462350662e-05
2092,Occasional,1,0.7935756824883592
2093,SMB,1,0.006091839384711766
2094,Mid-Market,0,0.0003341892635126491
2095,Occasional,0,0.13762248050111797
2096,Mid-Market,0,0.002486009036792751
2097,Enterprise,0,8.205327514124035e-05
2098,SMB,0,0.01675581837446638
2101,SMB,1,0.058608951643730076
2102,Mid-Market,0,0.000525101862338174
2103,SMB,0,0.05655912240235282
2104,Occasional,1,0.43985092037535206
2105,SMB,0,0.01122696465115485
2106,SMB,0,0.0627154910066623
2107,SMB,0,0.04204592200134043
2108,Occasional,0,0.2568463343837374
2110,Mid-Market,0,0.00262718516472225
2111,SMB,0,0.05686157849488194
2112,SMB,1,0.6536661859053621
2113,Mid-Market,0,0.0019454813308100736
2114,SMB,1,0.6996772388777618
2116,Occasional,1,0.7565913467784205
2117,Mid-Market,0,0.012534412011588898
2118,Enterprise,0,0.00041648659098220716
2119,Mid-Market,0,0.000813529072495611
2120,Mid-Market,0,7.768469973250872e-05
2121,Mid-Market,0,0.0005209046089434143
2122,Enterprise,0,0.0014310471907835638
2123,Mid-Market,0,0.0010182485994356314
2124,Mid-Market,0,0.0004686733595726061
2125,Mid-Market,0,0.00017572027737594264
2126,Mid-Market,0,0.001364870762632041
2127,Mid-Market,0,0.006000562052078904
2128,Mid-Market,0,0.010309895381293496
2129,Mid-Market,0,0.0011114466350800427
2130,Enterprise,0,7.215613719520602e-05
2131,Mid-Market,0,9.571114383029947e-05
2132,SMB,1,0.010956196395036855
2133,Occasional,0,0.2652426957956115
2135,SMB,0,0.10586063223016326
2136,SMB,0,0.04323192578289314
2137,Mid-Market,0,0.0006552465943986054
2138,SMB,0,0.04697139533314225
2139,SMB,0,0.021704472713035036
2140,Occasional,1,0.5073253158883037
2142,SMB,0,0.03432669374145253
2144,SMB,0,0.08379374338128544
2145,Mid-Market,0,0.0015454992961119267
2147,Mid-Market,0,0.001261127342238761
2148,Occasional,1,0.5418715573963243
2149,SMB,0,0.042326103204128794
2150,Mid-Market,0,0.002546703276413967
2151,SMB,0,0.08829062621134878
2152,Enterprise,0,0.001737059363673241
2153,SMB,0,0.03611353759706263
2155,SMB,1,0.012314094769740378
2156,Occasional,1,0.8549684546233206
2157,Mid-Market,0,0.0014715933867634086
2158,Mid-Market,0,0.00022302673570474601
2159,Mid-Market,0,8.188957303935258e-05
2160,Enterprise,0,1.9958484438207218e-05
2161,SMB,0,0.07445320503467155
2162,Mid-Market,0,0.0031146173102442505
2163,Mid-Market,0,0.0010967326608140257
2164,Mid-Market,0,0.04447174808241794
2166,Mid-Market,0,0.00022166351824382604
2167,Occasional,1,0.07265132358243606
2168,Mid-Market,0,0.0017857880618177575
2170,SMB,0,0.048892982781228854
2171,Mid-Market,0,0.026131305121630234
2172,Mid-Market,0,0.0018983042958672543
2173,SMB,0,0.01654839313826343
2174,Mid-Market,0,6.970723363616131e-05
2175,Mid-Market,0,0.0008602382458359076
2176,SMB,0,0.2905347823295231
2177,Mid-Market,0,0.01925430709759943
2178,SMB,0,0.026713277584472582
2179,Mid-Market,0,0.002134462858730107
2180,Occasional,1,0.6786966190556717
2181,SMB,0,0.06159608771955387
2182,Occasional,0,0.26875978564841957
2183,Occasional,1,0.6750605133344791
2184,Mid-Market,0,0.00011109390442509543
2185,SMB,0,0.05945491497785466
2186,Mid-Market,0,0.0010546179896480674
2187,SMB,0,0.10082346206779932
2188,SMB,0,0.005498575395641526
2189,Mid-Market,0,0.004233719147902655
2190,Occasional,1,0.8447054900255557
2191,Mid-Market,0,0.0005529732348643953
2192,SMB,0,0.008716628720739451
2193,SMB,1,0.212972183609469
2194,Enterprise,0,3.346384190080754e-05
2195,SMB,0,0.12324257823989435
2196,SMB,0,0.08308343512783996
2197,Enterprise,0,0.006468928134454088
2198,SMB,0,0.02159151140230094
2199,Mid-Market,0,0.011441462729653386
2200,SMB,0,0.22274170287885414
2201,Mid-Market,0,0.0015218206477195981
2203,Occasional,1,0.1541649563869109
2207,SMB,0,0.09384199691810712
2208,SMB,0,0.4816408371985406
2209,Mid-Market,0,0.0017228042756180378
2210,Mid-Market,0,0.0011731744628802946
2211,Occasional,0,0.5889130389213774
2212,SMB,0,0.0125758941222946
2213,Occasional,0,0.4385769496227045
2214,SMB,1,0.02573977570060769
2215,Occasional,0,0.32787129409663807
2216,Mid-Market,0,0.0007925034851066008
2217,Mid-Market,0,0.0004184514845634155
2218,Occasional,0,0.2618876546717177
2219,Occasional,1,0.5871174607148014
2220,Mid-Market,0,0.0004107971042006578
2222,SMB,0,0.010613702434153884
2223,Mid-Market,0,0.0001081067030242429
2224,Mid-Market,0,4.5703738025317854e-05
2225,Occasional,0,0.4519323586565062
2226,Mid-Market,0,1.65623079437277e-05
2227,SMB,1,0.38835181359984433
2228,Enterprise,0,6.032407441104922e-05
2229,Enterprise,0,0.0002373236860915441
2230,SMB,0,0.031238286277088773
2231,Mid-Market,0,0.0006100926042062232
2232,SMB,0,0.05996780728702559
2233,Mid-Market,0,0.0001686451487884943
2234,Occasional,1,0.501839706534449
2235,SMB,0,0.009938324456634612
2236,Occasional,0,0.6352648055920376
2237,Mid-Market,0,0.00014384016205413222
2238,Mid-Market,0,0.00016353268329849215
2239,Mid-Market,0,0.0003817054567963698
2240,SMB,0,0.050001409559975625
2241,Mid-Market,0,0.0012363292493198885
2242,Enterprise,0,0.00046724547447450534
2243,Mid-Market,0,0.000694468031932348
2244,Mid-Market,0,0.0012793344495150582
2245,Mid-Market,0,0.0009482633748991001
2246,Mid-Market,0,0.002182734478198501
2247,Mid-Market,0,0.002699037228825785
2248,SMB,0,0.00322216183728657
2249,Mid-Market,0,0.0032992688688613337
2250,Mid-Market,0,0.000492972417882564
2251,SMB,0,0.03742397874491071
2252,SMB,0,0.011057647109154668
2253,Mid-Market,0,0.0029638842310587897
2254,SMB,0,0.05452040815050489
2255,Occasional,0,0.2547685639022847
2257,Occasional,0,0.10351832655963418
2258,SMB,0,0.051126027404441554
2260,Mid-Market,0,0.012569621134410945
2261,SMB,0,0.1832780058430026
2262,Occasional,0,0.37295830357544707
2264,Mid-Market,0,0.003536851649735856
2265,SMB,0,0.027388173441038038
2266,Mid-Market,0,0.0023311290762393043
2267,SMB,1,0.06814897448867069
2268,SMB,0,0.017788438707994427
2269,SMB,0,0.05132776460085153
2270,Occasional,1,0.6384015576513514
2272,SMB,0,0.013233511424405434
2274,Occasional,0,0.21269483838221323
2276,Enterprise,0,0.00043555362781037615
2277,SMB,0,0.41308107645090564
2278,Mid-Market,0,0.00575562509099893
2279,Occasional,0,0.30990718747734525
2280,SMB,0,0.02833815065171388
2281,Mid-Market,0,0.0013565559557908013
2282,Mid-Market,0,0.00022205511149007786
2283,Mid-Market,0,0.001238737346344667
2284,SMB,0,0.010803053827006108
2285,Mid-Market,0,0.0028486365899812846
2286,Mid-Market,0,0.00040419205068688014
2288,SMB,0,0.0044915005990701215
2289,Mid-Market,0,0.0015782303834948378
2290,Mid-Market,0,5.038540402176377e-05
2291,Occasional,1,0.6753463514653794
2292,SMB,0,0.007661690045948091
2293,SMB,0,0.013384275866148106
2294,Mid-Market,0,0.0002960870404839179
2295,Mid-Market,0,0.015731396510793878
2296,Enterprise,0,0.0019164566001073555
2297,SMB,0,0.18208300938159966
2298,Enterprise,0,0.0005999469302013009
2299,Enterprise,0,5.276539499999159e-05
2300,SMB,0,0.03877444147896218
2301,Occasional,0,0.10769022249514366
2302,SMB,0,0.044936008410375025
2303,SMB,0,0.04540464418898066
2304,SMB,0,0.038723225821016116
2305,SMB,0,0.053555475456344544
2306,Mid-Market,0,0.0017895319161391836
2307,SMB,0,0.0037162326128952973
2311,Occasional,1,0.9295308093928376
2312,Enterprise,0,0.00019098102728526992
2313,Mid-Market,0,0.0010581338254485046
2314,Mid-Market,0,0.003910592736890615
2315,Mid-Market,0,0.001112680617989821
2316,Mid-Market,0,0.0017099310632729139
2317,Mid-Market,0,0.0022613871121667313
2318,SMB,0,0.06871088823754017
2319,SMB,0,0.03204839986490342
2320,Occasional,1,0.5120440544753649
2321,Enterprise,0,0.012749664554427352
2322,Enterprise,0,0.0002200866157405452
2323,Mid-Market,0,0.00015076609955947203
2324,Mid-Market,0,0.0022493152637507517
2325,Mid-Market,0,0.00024248168053231785
2326,Occasional,1,0.6816298832215908
2327,Mid-Market,0,0.00014868580672756663
2328,Mid-Market,0,8.464889627887511e-05
2329,SMB,0,0.045620401775259486
2330,SMB,0,0.08182504646257426
2331,SMB,1,0.7572393823806899
2332,Mid-Market,0,0.0004209324858997081
2333,SMB,0,0.26944164577505575
2334,Mid-Market,0,7.464311896198134e-05
2335,Mid-Market,0,7.386228622146049e-05
2336,SMB,0,0.023656434232767337
2337,Occasional,0,0.529215472512247
2338,Mid-Market,0,0.004069931731786728
2339,SMB,0,0.0035474170577198738
2341,Mid-Market,0,0.00030226410691046004
2342,Enterprise,0,0.0032467979337694177
2343,SMB,0,0.010908554093877537
2344,Mid-Market,0,0.00015052285404956517
2345,SMB,0,0.022540686005026477
2346,Enterprise,0,0.00018602086076843178
2348,Occasional,1,0.7287917539062803
2349,Mid-Market,0,6.309083889031818e-05
2350,Enterprise,0,0.0014264069925966005
2351,Enterprise,0,0.0007697292020184493
2352,Occasional,0,0.25029540486010504
2353,Mid-Market,0,0.003024361485821618
2354,SMB,0,0.050991604105168516
2355,Mid-Market,0,0.0001066721596199111
2356,SMB,0,0.013812188441066908
2357,SMB,0,0.03236890518057177
2358,SMB,0,0.05990638131132993
2359,Occasional,1,0.5982343241426732
2360,Mid-Market,0,0.006737551326017069
2361,Occasional,1,0.8409709769839492
2362,Enterprise,0,0.002019943928910816
2363,SMB,0,0.015216008869658317
2365,SMB,0,0.03483272849671214
2366,SMB,0,0.02716091697672344
2367,Mid-Market,0,0.005284930861722792
2368,Mid-Market,0,0.00022792853732833506
2369,Mid-Market,0,5.973122408754169e-05
2370,SMB,0,0.030568669096005297
2371,SMB,0,0.025487105731370224
2372,Mid-Market,0,0.0026736866219431487
2373,Mid-Market,0,0.0012144340782129011
2374,Mid-Market,0,0.002876914527186881
2375,Mid-Market,0,0.001522524407529122
2376,Mid-Market,0,0.0008652453885440521
2377,Occasional,0,0.15849665720675682
2378,SMB,0,0.01519015425234953
2379,Mid-Market,0,0.0013480054181836708
2380,SMB,0,0.008494694635238801
2382,Mid-Market,0,0.00195908237917653
2383,Mid-Market,0,0.0020752574156722562
2384,Enterprise,0,0.00011458443774703153
2385,Enterprise,0,0.001608691150647573
2386,SMB,0,0.005281163058657505
2388,Enterprise,0,6.635850668608511e-05
2389,SMB,0,0.0307530621888936
2390,Enterprise,0,0.002528425118564069
2391,SMB,0,0.023971287560319663
2392,SMB,0,0.005485012380540239
2393,Mid-Market,0,0.00017070145751674307
2394,Enterprise,0,0.00029341419760549586
2395,SMB,0,0.09010332403650263
2396,Occasional,0,0.2939545563869035
2397,Mid-Market,0,0.0002227749125719984
2398,Mid-Market,0,6.308000377842014e-05
2399,Mid-Market,0,0.0011371407045694844
2400,SMB,0,0.016031451619065506
2401,SMB,0,0.11785311007044406
2402,SMB,0,0.09466839094012698
2403,SMB,0,0.05403711940742802
2405,SMB,0,0.012215811927432579
2406,Mid-Market,0,9.88666067325017e-05
2407,SMB,0,0.1293986074353562
2408,Mid-Market,0,5.117415244076506e-05
2409,Mid-Market,0,0.00017300915164898068
2410,Occasional,0,0.28395509897196547
2411,SMB,0,0.049596035375620164
2412,Occasional,0,0.5626180695727987
2413,Mid-Market,0,0.000611988169554899
2414,SMB,0,0.0545064618595492
2415,SMB,1,0.4490105812405228
2416,Mid-Market,0,0.0027632928888534692
2417,Mid-Market,0,0.003497574851339552
2418,SMB,0,0.021379964917678913
2419,Enterprise,0,0.0001138988390101288
2420,Occasional,0,0.0659350448852103
2421,Mid-Market,0,0.003597749009563459
2422,Mid-Market,0,0.004052320474056733
2423,SMB,0,0.015907217424316424
2424,Mid-Market,0,0.010676011343812486
2425,Occasional,0,0.8818421966891313
2426,SMB,0,0.09382287111154305
2427,Enterprise,0,9.720186576235759e-05
2428,SMB,0,0.025539382974109282
2429,SMB,0,0.041585958869279516
2430,SMB,0,0.010444428324195584
2432,SMB,0,0.017587123447904092
2433,SMB,0,0.13846447083038332
2434,Mid-Market,0,0.003439364301890404
2435,SMB,0,0.006411653371737096
2436,Occasional,0,0.21694881277693212
2437,SMB,0,0.013954297462796571
2438,SMB,0,0.00213265084769526
2439,SMB,0,0.009982028656903296
2442,Mid-Market,0,0.006398302798353961
2443,Mid-Market,0,0.0019639368485841417
2444,SMB,0,0.014820045985754721
2445,SMB,0,0.0834021272457302
2446,SMB,0,0.013806478273644361
2447,Enterprise,0,8.848436218415803e-05
2448,Mid-Market,0,0.0017096812775549617
2449,SMB,0,0.01856252108224828
2450,SMB,0,0.184925379284905
2451,SMB,0,0.05069382226744029
2452,SMB,0,0.06239673369771279
2453,SMB,0,0.19058159724105672
2454,SMB,0,0.07988956961184314
2455,SMB,0,0.0035898233770683325
2456,SMB,0,0.02114752355463676
2457,SMB,0,0.04844238748016322
2458,Mid-Market,0,0.00019357080974629034
2459,Mid-Market,0,0.0006736107431136726
2460,SMB,0,0.09185969043324559
2461,Occasional,0,0.271540982114763
2462,SMB,0,0.11479109428739785
2463,Mid-Market,0,0.0002450220385167359
2464,SMB,0,0.0474501580406415
2465,Mid-Market,0,0.0002340828076103947
2466,SMB,0,0.0772243249459751
2467,SMB,0,0.017999966550392963
2468,SMB,0,0.1466719648915721
2469,SMB,0,0.028363100698048305
2470,Mid-Market,0,0.0009183356963100041
2471,SMB,0,0.08791099003122778
2472,Occasional,0,0.06498772666853418
2473,SMB,0,0.02492067029591466
2474,SMB,0,0.008990828198207512
2475,Mid-Market,0,0.0011303776783601832
2476,Enterprise,0,0.0006380373506124398
2477,Mid-Market,0,7.778832748031314e-05
2478,Mid-Market,0,0.0010269681428850444
2479,Mid-Market,0,6.565698235794913e-05
2480,Occasional,1,0.6693020192519444
2481,SMB,0,0.013435980732022195
2482,Mid-Market,0,0.0006288771712398388
2483,Mid-Market,0,0.0031246431432328677
2485,SMB,1,0.7277014828611164
2486,Mid-Market,0,0.00020103535423374402
2487,SMB,0,0.11939002948985449
2488,SMB,0,0.005923186961434621
2489,Mid-Market,0,0.0007185202045209472
2490,SMB,1,0.6576471109086998
2492,Mid-Market,0,0.0045553340712229
2493,Enterprise,0,0.0009176828290901375
2494,Occasional,1,0.4231573056540406
2496,SMB,0,0.07406455489370678
2497,SMB,0,0.04778424112705904
2498,Mid-Market,0,0.00021619033601877569
2499,SMB,0,0.027800211119803988
2500,SMB,1,0.7608549232109028
2501,Enterprise,0,0.00018209722565037747
2504,SMB,0,0.009108321421217667
2505,Mid-Market,0,3.634686329053113e-05
2506,Enterprise,0,0.0005800098384672898
2507,Occasional,0,0.359164064650275
2508,Occasional,0,0.09411920709250635
2509,SMB,0,0.09547581145762717
2510,SMB,0,0.06985257479387989
2511,SMB,1,0.4683827199250251
2512,Mid-Market,0,0.007468446967168223
2513,Mid-Market,0,0.0018205979064665947
2514,Mid-Market,0,0.00032193395192044665
2515,Mid-Market,0,0.003358557955415177
2516,Occasional,0,0.13607378166581421
2517,Mid-Market,0,0.0016970467659386508
2518,Mid-Market,0,0.0019051123756377922
2519,SMB,0,0.006232556965148854
2520,Mid-Market,0,0.007232914200449904
2521,Mid-Market,0,0.0024228729989115914
2522,SMB,1,0.542716354216708
2524,SMB,0,0.08420129613180774
2525,Occasional,1,0.3880806558327067
2526,Mid-Market,0,0.0075339721326655555
2527,Occasional,1,0.5100938848031122
2528,Occasional,1,0.43204538578567764
2529,SMB,0,0.04008036684189139
2530,SMB,0,0.05769375711012677
2531,SMB,0,0.3241634644807175
2532,SMB,0,0.04137857493856153
2533,SMB,0,0.023566652376136886
2534,Enterprise,0,0.0005146877202594928
2535,Occasional,0,0.08190491068095375
2536,SMB,0,0.05531398595491462
2537,SMB,0,0.26598471222838266
2538,Mid-Market,0,0.0017874850414106096
2539,Enterprise,0,6.956490707983896e-05
2540,SMB,0,0.04003114531626641
2541,SMB,0,0.12870812947571247
2542,SMB,1,0.6234690294215625
2543,Mid-Market,0,2.6762679975882382e-05
2544,Mid-Market,0,0.001351253413393029
2545,SMB,0,0.04983155728127156
2546,Mid-Market,0,0.0011984036816014246
2547,Occasional,1,0.6417345931924919
2548,Mid-Market,0,0.05735757877617549
2549,Mid-Market,0,0.008956003641032488
2550,Mid-Market,0,0.10093630729727124
2551,SMB,0,0.046067054009582095
2552,SMB,0,0.013813634014500219
2553,SMB,0,0.10066649619260591
2555,Mid-Market,0,0.00048474611562761115
2556,SMB,0,0.008887046068618804
2557,Enterprise,0,0.00035029802375662435
2558,Mid-Market,0,0.0026765464960192514
2559,SMB,0,0.00976593905273895
2560,Enterprise,0,0.00023548642820383668
2561,SMB,0,0.04140392343677912
2562,SMB,1,0.10334025296058891
2563,SMB,0,0.07335143892039407
2564,SMB,0,0.09281485425191574
2565,SMB,0,0.008277008194708944
2566,Mid-Market,0,0.0008873791705696787
2567,Enterprise,0,0.00014063113402308706
2568,Mid-Market,0,0.0005301787935939281
2569,SMB,0,0.0034127019843275624
2570,Occasional,0,0.4071851473644999
2571,Enterprise,0,0.00019648401466850626
2572,SMB,0,0.19993047989199805
2573,SMB,0,0.010000591455829455
2574,SMB,0,0.008542297707091235
2575,SMB,0,0.026438685398863557
2576,SMB,0,0.006426907129909497
2577,SMB,0,0.10431615948792383
2578,Occasional,0,0.10865466117545121
2579,Mid-Market,0,0.004495363856971523
2580,Occasional,1,0.3440608983123355
2581,Enterprise,0,0.003621930521270955
2582,Occasional,1,0.6249141039203575
2583,Enterprise,0,3.2610742256811456e-05
2584,Mid-Market,0,0.0010135318402999223
2585,Enterprise,0,0.000683415021310005
2586,SMB,0,0.006364127089062273
2587,Mid-Market,0,0.0013041191572217858
2588,Mid-Market,0,0.008764128620242992
2589,SMB,0,0.017710710575567532
2590,Mid-Market,0,0.0009312161864320447
2591,SMB,0,0.07113721306410208
2592,Occasional,0,0.16840663332086778
2593,SMB,0,0.028805553173338157
2594,Mid-Market,0,0.008756514278674852
2595,Mid-Market,0,0.0005369425806841033
2596,Occasional,0,0.2525932182146229
2597,Mid-Market,0,0.0009378548192498831
2598,Mid-Market,0,0.0010557743682388428
2599,Occasional,1,0.32543921750836285
2600,Occasional,0,0.16318016892518827
2601,Mid-Market,0,0.001764965457534015
2602,SMB,0,0.041195707690090844
2605,Enterprise,0,0.0011666496624106646
2606,Mid-Market,0,0.001143269167408861
2607,SMB,0,0.022026454451517276
2608,Mid-Market,0,0.0009955523131242629
2609,SMB,0,0.10678677438008756
2610,Mid-Market,0,4.1988900163626234e-05
2611,Occasional,1,0.8148760874235708
2612,SMB,0,0.004141558589502873
2613,SMB,0,0.09103348136685466
2615,Mid-Market,0,0.004063506385984622
2616,SMB,0,0.055876908078349705
2617,Mid-Market,0,2.6804125308943133e-05
2618,Occasional,1,0.7266015787761477
2619,SMB,0,0.008367595188969306
2620,Occasional,1,0.7880608717505022
2621,Occasional,0,0.1419288265129026
2623,Mid-Market,0,0.0007488827900452253
2624,Occasional,1,0.6102995802114926
2625,SMB,0,0.2529665472045416
2626,Mid-Market,0,0.0014010079723740026
2627,SMB,0,0.010745851181680205
2628,Mid-Market,0,0.005773336922929312
2629,Mid-Market,0,0.0020814252442188817
2630,Mid-Market,0,0.0013746062077449374
2631,Mid-Market,0,0.008580474107584864
2632,SMB,0,0.010847549103407884
2634,SMB,0,0.019582000634687402
2635,SMB,0,0.03789216212972751
2636,Mid-Market,0,0.0009369130276300104
2637,SMB,0,0.01703765823163115
2638,Mid-Market,0,0.0005681198384066959
2639,SMB,0,0.026269154566689733
2640,Mid-Market,0,0.022206108206361687
2641,SMB,0,0.058545556279765834
2642,SMB,0,0.09638585949470023
2643,SMB,1,0.020924954960869994
2644,Occasional,0,0.04112237208067007
2645,Mid-Market,0,0.00018601222623779225
2647,SMB,0,0.00696049958047875
2648,SMB,0,0.013310513363474418
2649,SMB,1,0.5449111487570458
2650,Occasional,0,0.3467358804016786
2651,Occasional,1,0.8075912672842586
2652,Mid-Market,0,0.0002143783072588415
2653,SMB,0,0.13007113852776672
2654,SMB,0,0.05661509066875581
2655,SMB,0,0.06941237943983555
2656,Occasional,0,0.5183925003876632
2657,Mid-Market,0,0.0019635318698897697
2658,SMB,0,0.021838668422864797
2659,Mid-Market,0,0.0025490742874350013
2660,Mid-Market,0,0.0002401691833631067
2661,Occasional,0,0.47095265747264736
2663,Mid-Market,0,0.025993665555727945
2664,Mid-Market,0,0.00024205343692754029
2665,SMB,0,0.017521773086575904
2666,SMB,0,0.0034631490277665902
2667,Occasional,0,0.21570291183461804
2668,Enterprise,0,4.3884543965037966e-05
2669,SMB,0,0.034322872911581204
2670,SMB,1,0.1478820148828727
2671,SMB,0,0.034049706816755954
2672,SMB,0,0.023891001421265403
2673,Mid-Market,0,0.00039457636223094755
2674,SMB,0,0.05951506580701063
2675,SMB,0,0.0018846283600706226
2676,SMB,0,0.21546233096810954
2677,SMB,0,0.017655347943341282
2678,SMB,0,0.03702227570924675
2679,SMB,0,0.037622464311647535
2680,Mid-Market,0,0.0049661466007687085
2681,SMB,0,0.021279273448040068
2682,Occasional,0,0.11036367612669742
2683,Mid-Market,0,0.0013881850568033432
2684,SMB,0,0.08854760237692537
2685,Mid-Market,0,0.00038191188783178023
2686,SMB,0,0.1141820542254258
2687,Mid-Market,0,0.0004994321047691064
2688,SMB,0,0.042721538415603125
2689,Mid-Market,0,0.00906771629404479
2690,SMB,0,0.008058566249021048
2692,Mid-Market,0,0.002312805695744969
2693,Occasional,1,0.13699062430571596
2694,Occasional,1,0.7347328687570618
2695,Occasional,1,0.8109898735987239
2696,Mid-Market,0,0.002186434235650659
2697,SMB,0,0.007783226323121097
2698,Enterprise,0,9.823873983862112e-05
2699,Mid-Market,0,0.00017448966662383873
2701,SMB,0,0.043145265403676435
2703,Mid-Market,0,0.0006117605482965425
2704,SMB,1,0.002894189040522006
2705,SMB,0,0.048369835740084646
2706,SMB,0,0.05662238003919188
2708,Mid-Market,0,0.0008067828172338758
2709,Mid-Market,0,0.0015395844197177333
2710,SMB,0,0.014721220148409257
2711,Occasional,1,0.6990860497838688
2712,Mid-Market,0,8.624836395180221e-05
2713,Mid-Market,0,0.006360171286603925
2714,Mid-Market,0,0.000863279109682537
2715,Occasional,1,0.7509521317799751
2716,Mid-Market,0,6.230791149339702e-05
2717,SMB,0,0.01937957905839078
2718,Occasional,1,0.6609608049456226
2719,Enterprise,0,0.0032649131602396726
2720,SMB,0,0.04561851532510696
2722,SMB,0,0.002847023462377944
2723,Mid-Market,0,0.0007611773707672567
2724,Mid-Market,0,0.00014047731728511625
2725,Mid-Market,0,0.0006463851388911886
2726,SMB,0,0.03473055651910145
2727,SMB,0,0.02869301730927753
2728,Mid-Market,0,0.002277859645254986
2729,Mid-Market,0,0.002353991730121455
2730,Occasional,1,0.734132086976757
2731,Enterprise,0,0.00010733721735070462
2732,Mid-Market,0,0.009480631476917852
2733,SMB,0,0.060302739265470244
2734,Mid-Market,0,0.0009565299862859135
2735,Mid-Market,0,0.00019670551202422617
2736,SMB,0,0.013951068623880552
2737,Mid-Market,0,0.0005348482668798476
2738,SMB,0,0.014051070963790612
2739,SMB,0,0.00969785104547861
2740,SMB,1,0.46293883845720707
2741,Mid-Market,0,0.000462071748472779
2742,Occasional,0,0.24678953675736262
2743,Mid-Market,0,0.0002436437951525238
2744,SMB,0,0.017578851220810685
2745,Mid-Market,0,0.002390723792313276
2746,SMB,1,0.30171666193156227
2747,Mid-Market,0,0.02088927946440741
2748,Mid-Market,0,0.00015079208937637367
2749,SMB,0,0.017234368596216732
2750,Enterprise,0,8.142470390137761e-05
2751,Mid-Market,0,0.0004735334483577316
2752,SMB,0,0.014143386069450148
2753,Occasional,0,0.8359301195691463
2754,Mid-Market,0,0.0043711002147843415
2756,SMB,0,0.04669275749833509
2757,Occasional,1,0.13967224488990185
2759,SMB,0,0.008617412491731043
2760,SMB,0,0.01704577481317397
2761,SMB,0,0.006738613973611761
2762,Occasional,0,0.1779307206134743
2763,Mid-Market,0,2.1106204860769327e-05
2764,Mid-Market,0,0.0073963791450966975
2765,Enterprise,0,0.00013343922979545863
2766,Occasional,1,0.7055546983200638
2767,SMB,0,0.10211797993571653
2768,SMB,0,0.01132493616645152
2769,Occasional,1,0.7365167737784292
2770,Occasional,1,0.8285616668209868
2771,Mid-Market,0,0.002381339773872077
2772,SMB,0,0.013926344075513655
2774,Enterprise,0,5.167879960256249e-05
2775,SMB,0,0.07730323121874044
2776,Mid-Market,0,0.0010774048258589378
2777,SMB,0,0.021640532998759978
2779,Mid-Market,0,0.00016749585301994316
2780,Mid-Market,0,0.004007117643953238
2781,Mid-Market,0,0.0002197993149454916
2782,Mid-Market,0,0.004509700777950758
2783,SMB,0,0.03161212824515135
2784,Mid-Market,0,0.0017184177366813312
2785,Mid-Market,0,0.008961426666155715
2786,SMB,0,0.05216843889379663
2787,SMB,0,0.001571469822729024
2788,SMB,0,0.1291330655038463
2789,Occasional,0,0.10978642109761277
2790,Mid-Market,0,0.0009784813299253995
2792,Enterprise,0,0.0002709772330147651
2793,SMB,0,0.10711274422517382
2794,Occasional,0,0.5397602382999107
2795,Occasional,0,0.19810798602005256
2796,SMB,0,0.005743178811909771
2797,SMB,0,0.12491260471826791
2798,Mid-Market,0,0.00027541683464918473
2799,SMB,0,0.04183655293532302
2800,SMB,0,0.048587549098028385
2802,SMB,0,0.013077190972153653
2803,Enterprise,0,7.694704662511691e-05
2804,SMB,1,0.01521495002312694
2805,Mid-Market,0,4.357993431786821e-05
2806,Mid-Market,0,0.00013233792237261834
2807,Mid-Market,0,0.007934533185182311
2808,SMB,0,0.03263340881618147
2809,Mid-Market,0,0.0006976715809896507
2810,Mid-Market,0,0.000915748096811064
2811,Enterprise,0,6.956429401778368e-05
2812,Occasional,0,0.06935094472286774
2813,SMB,0,0.276346376706229
2814,Enterprise,0,0.0012828339314632409
2815,Enterprise,0,0.0005318989372873833
2816,SMB,0,0.026299320748361964
2817,Mid-Market,0,0.00027559312704936466
2818,SMB,0,0.028942136730527066
2819,SMB,0,0.025325607036974833
2820,Occasional,1,0.6682448141858175
2821,Mid-Market,0,0.0009863502790338947
2822,SMB,0,0.016477261713380063
2823,Enterprise,0,0.00036366066143533876
2824,Occasional,1,0.843640472536155
2825,Occasional,0,0.6413480936830876
2826,SMB,0,0.010144666810512968
2827,SMB,0,0.05195058161533116
2828,Mid-Market,1,0.8380928967084725
2829,SMB,0,0.07813729808236297
2830,SMB,0,0.01920860090874191
2831,Mid-Market,0,0.0005120523040283518
2833,SMB,0,0.022889446859952957
2834,SMB,0,0.042135393841460665
2836,SMB,0,0.015876316789728437
2837,SMB,0,0.06232705154544619
2838,Mid-Market,0,0.0005639120568763383
2839,Mid-Market,0,8.522622382483864e-05
2840,Enterprise,0,0.0001109388749294587
2841,SMB,0,0.03664795892485831
2842,SMB,0,0.18050635723823824
2843,SMB,0,0.02034396223489604
2844,Mid-Market,0,0.030968266726663682
2845,Mid-Market,0,0.001209974324239743
2846,SMB,0,0.06588894871042951
2847,Mid-Market,0,0.00018717464233212775
2848,Enterprise,0,0.000427585350996215
2849,SMB,0,0.016377418154844465
2850,Mid-Market,0,0.008674115006763612
2851,Mid-Market,0,0.0013685786972934824
2852,SMB,0,0.044703562946900526
2853,SMB,0,0.05831233709032124
2854,Mid-Market,0,0.00035629954642916583
2855,SMB,0,0.10154547575811042
2856,Occasional,0,0.030851235708728993
2858,SMB,0,0.023659082865737376
2859,SMB,0,0.08592803672362495
2860,SMB,0,0.04446821962170728
2861,Mid-Market,0,9.252284310361987e-05
2863,Mid-Market,0,0.0002811080333650281
2864,Mid-Market,0,0.001810575737722604
2865,Mid-Market,0,0.0005029292128935368
2866,Mid-Market,0,4.237886038620481e-05
2867,Mid-Market,0,0.0004751282674798677
2868,SMB,0,0.021650653630484462
2869,Occasional,0,0.39992239224283316
2870,Enterprise,0,0.00038575521926884
2871,SMB,0,0.04036770864942928
2872,SMB,0,0.05677767840954175
2873,Enterprise,0,5.8972721657377476e-05
2874,Mid-Market,0,0.0002893890482066027
2875,Mid-Market,0,0.0014642342759307058
2876,Mid-Market,0,0.00025893773002494977
2877,Mid-Market,0,0.00031322941914333223
2878,Mid-Market,0,9.727107494599414e-05
2879,SMB,0,0.12178352320936377
2880,Enterprise,0,0.00069853855427242
2881,Mid-Market,0,0.0033354551395164815
2882,Mid-Market,0,3.674969548875152e-05
2883,SMB,0,0.10765599911485955
2884,Mid-Market,0,0.0010239003897132759
2885,SMB,0,0.019342952797903743
2886,Mid-Market,0,0.00047432119394066034
2887,Enterprise,0,0.00022738657592449247
2888,Occasional,1,0.949261266268344
2889,Mid-Market,0,0.0013936878959214004
2890,Mid-Market,0,0.00019554645206782315
2891,Mid-Market,0,0.0010983167801541585
2892,Occasional,1,0.8723907841616393
2893,SMB,0,0.012714081639659943
2894,SMB,0,0.008398802079175486
2895,Occasional,1,0.5644924091116096
2896,Mid-Market,0,0.00301699035376689
2897,Occasional,0,0.3093764470152125
2898,Mid-Market,0,0.0005881304205502758
2899,SMB,0,0.022411293279318106
2900,Mid-Market,0,0.00012419855103890722
2901,Mid-Market,0,0.0009466675682386049
2903,Mid-Market,0,5.9279134849585e-05
2904,Occasional,0,0.1387822358570714
2905,Mid-Market,0,2.8638900221053645e-05
2906,SMB,1,0.5772438780708897
2908,Enterprise,0,0.00013778538569711557
2909,Occasional,0,0.13102690574340334
2910,SMB,0,0.04478501561743684
2911,SMB,0,0.04947388943847137
2912,Mid-Market,0,0.004138063721316071
2913,SMB,0,0.023806200456559765
2914,SMB,0,0.11789365937499414
2915,SMB,0,0.02112072293037651
2916,Mid-Market,0,0.000999886195578713
2917,Mid-Market,0,0.0060443228169494235
2918,Occasional,0,0.8301166383047278
2919,Enterprise,0,0.00023724288221894056
2922,Enterprise,0,0.0004104039081667415
2923,Mid-Market,0,0.0016658095256180075
2924,SMB,0,0.011618522237537548
2925,Enterprise,0,0.00022164585197806456
2926,SMB,0,0.02636510867572722
2927,SMB,0,0.01303300154453466
2928,SMB,0,0.0403268981446211
2929,Mid-Market,0,0.0022932074142402985
2931,SMB,0,0.031168133652088554
2932,Mid-Market,0,0.00023554413377709915
2933,SMB,0,0.006293061634882509
2934,Occasional,1,0.8187144105752547
2935,SMB,0,0.007912923412227983
2937,Mid-Market,0,0.0006219588611889324
2938,Mid-Market,0,0.0024378170153777304
2939,Mid-Market,0,0.0010344450106459571
2940,Enterprise,0,9.216816453105146e-05
2941,Occasional,0,0.36114044377928883
2942,Mid-Market,0,0.0008305704585963512
2943,SMB,0,0.05429600004569185
2944,Mid-Market,0,0.00025953055019736483
2945,Mid-Market,0,0.0009257022781044767
2946,Mid-Market,0,0.0018667907264006984
2947,Mid-Market,0,0.00031865779079968216
2948,SMB,0,0.030110546351838484
2949,Occasional,0,0.417156798106562
2951,Mid-Market,0,0.006624287963850086
2952,SMB,0,0.10094771486222198
2953,Mid-Market,0,0.0005859456277481206
2954,Occasional,0,0.16583430926848602
2955,SMB,0,0.0022302055007897086
2956,Mid-Market,0,0.0003397360015474893
2957,Mid-Market,0,0.0008590452116953529
2958,Enterprise,0,0.00018565160843780887
2959,Mid-Market,0,0.00445638183326059
2961,SMB,0,0.03170262746504701
2962,Occasional,1,0.5957366764934973
2963,Mid-Market,0,0.0003924238981220507
2964,SMB,0,0.019520230106398178
2965,Mid-Market,0,0.0031974160949185663
2966,SMB,1,0.13410950051811438
2967,Mid-Market,0,0.001570577098874389
2968,Mid-Market,0,0.0016113594508036335
2969,SMB,0,0.02690478526631503
2970,Mid-Market,0,0.0022889562054138977
2971,SMB,0,0.06072096714431895
2972,SMB,0,0.0019772936702589505
2973,Mid-Market,0,0.0001838659532983539
2974,Occasional,0,0.5189502443553087
2975,SMB,0,0.007775083499158201
2976,SMB,0,0.09436627442984295
2977,SMB,0,0.038441863478310516
2978,SMB,0,0.03119015389461029
2982,Mid-Market,0,0.02420825569897783
2983,Mid-Market,0,0.001399635376928472
2984,SMB,0,0.02648398112992476
2985,Enterprise,0,0.0002786226005627314
2986,Mid-Market,0,0.0007264288634722917
2987,Enterprise,0,0.0020624398913407335
2989,Mid-Market,0,0.0012445101737663493
2990,SMB,0,0.017663953677326105
2991,SMB,0,0.07646345727614756
2992,SMB,0,0.024572268779481505
2993,Mid-Market,0,0.0014388601646199667
2994,SMB,0,0.11252417109450544
2995,SMB,0,0.00030199140476095104
2996,SMB,0,0.07173669893345395
2997,SMB,1,0.408480635697831
2998,Mid-Market,0,0.003047046132815806
2999,Occasional,0,0.035381344991555694
